date,AK,AL,AR,AZ,CA,CO,CT,DC,DE,FL,GA,HI,IA,ID,IL,IN,KS,KY,LA,MA,MD,ME,MI,MN,MO,MS,MT,NC,ND,NE,NH,NJ,NM,NV,NY,OH,OK,OR,PA,RI,SC,SD,TN,TX,UT,VA,VT,WA,WI,WV,WY
2020-02-25,1.1583985960123486,0.9101627628089186,1.2680052667430017,1.4259523879884197,1.1789028978583935,1.1039485532799063,1.6346419923606264,2.025942283747586,1.3307919942595243,1.687246780276228,1.512520901424804,1.5739547785797232,1.2810073324718503,1.156106291178445,1.4757531213329622,1.2052464067641118,1.2264181726418462,0.994923987902477,1.3077384238416403,1.1021355511723199,1.284216858597148,1.0919834261228212,1.5545851824457462,1.043846166858904,1.2941043097724507,1.2709508600215673,1.4817007812315053,1.5962432063295413,1.0674577310771431,1.258340691797858,0.7433728347711477,1.4922724639452214,1.1842992040053815,0.9562587962167912,1.2707664244458934,1.0275744009949377,1.1400761627165215,1.284172307876177,1.311444826322715,1.9633915711691399,1.1495165286682258,0.9951682327006798,1.55386885904118,1.204986846362059,1.3558437489529207,1.0916654066516256,0.8997978973423832,1.4177841892578396,1.7032939766077346,1.4028975956056002,1.1064097091372522
2020-02-29,1.3069349033607784,1.0770806692676411,1.745889146382219,1.2140837345804651,1.5280002699425919,1.1194331019771298,1.6247523422832961,2.571303670750417,1.3450669144064797,1.8906533714233875,1.749256315244105,1.052769256280884,1.3268580056003936,1.1937839503925407,1.5754120184223281,1.8418306059384133,1.360081469640284,1.2824150835373578,1.596918763599522,1.1958851283096188,1.310780215941924,1.129352270520522,1.9281837092106149,1.0846110629160792,1.373785441704757,1.4856803631139996,1.5775096870571053,1.4546861527731347,1.2390378510655309,1.435744113424905,0.7562035023694798,1.7028875404987096,1.5412629519457755,0.9008751818813376,1.3431522324562062,0.9647986188305596,1.183770385496674,1.402933946687161,1.533112382392364,1.3570705173091044,1.2638501288009671,0.9204246844740844,1.992938298691631,1.2685564883648675,1.5402671953670724,1.1498379665429557,1.2237787711017343,1.6812898378291514,1.0390266447501462,1.4901401419167604,1.0849782067408722
2020-03-02,1.4796218035236375,1.0347852712219365,1.7484538529950493,1.4285773751589974,1.5336958360979789,1.233274223197913,1.8283736294678334,1.0786485531918342,1.2118116893239104,2.1182683239090268,1.816908945807788,1.1695206337089175,1.0809036289022924,1.51093424309322,1.7119028063877453,1.0679786828252886,1.6369186517049514,1.2803943341011144,1.1478967615172382,1.2927905542317086,0.9255867611551406,1.1663921508082933,1.205071323849012,1.3637531876427045,1.3267462395558596,1.9658798224079626,1.4471453645801209,1.4052764777432647,1.613683235442104,1.1430887762668545,1.3355522710687624,1.1411767942606335,1.2218420697169172,1.4988214647109404,1.418039319184146,1.2711020175701195,1.3213197691484064,1.569390908252319,1.4908210526135157,1.4982352170967614,1.4688851221455148,1.0712191283844295,1.1703550620399286,1.2898512420975272,1.5359347719612397,1.1470552041371478,2.152503022762333,1.5675241699862503,0.9219785218709996,1.5362400904063345,1.5011793269464329
2020-03-03,0.9771251947576683,1.1105923308089378,1.2002461709280898,1.668056216224461,1.4479901221602842,1.2202602107627525,1.4455292271985751,0.8819610554317883,1.2205966734828548,1.6124981449419764,1.2279238876307268,1.5068803979695211,1.3903864762395979,1.1511716264112966,1.5698035271750101,1.136779081506786,1.0485378798661624,0.7750427035905366,1.3618702698636729,1.369091805806786,1.1751516610827386,1.7785352197733306,1.4573711488144871,1.4059791278052034,1.7043435377330312,1.114177785487431,1.6121616609328038,1.6495664373466854,0.7010233710981267,1.3155457599915372,0.9775900035105898,1.3912891401591942,1.3567898454007914,1.626047959994858,0.992538792250463,1.3824426866777444,1.080409399403003,1.4430881261778123,1.1669668854379804,1.3245407294815523,1.007770441915808,1.3228985881237778,1.3115191263945902,1.3603772165519732,1.236129857498385,1.276384123324388,1.223731226140658,0.9728348695888198,1.1606174314499034,0.943898262969802,0.8701055606144082
2020-03-04,1.1124874213577354,1.3497337536723197,1.2215523743259067,1.1801317609466353,1.1171689802822058,1.3918732508465421,1.3028528392047887,2.080808880739631,1.2447295736894302,1.4289549071006549,1.4784446860725595,1.0129394996766068,1.2940388861830905,1.4289885736886259,1.2992557076616476,1.1732940266137732,1.1185186578043382,0.8673558871904699,1.5387582261858235,1.0123336101372653,1.1870496317755095,0.9771010272380574,1.485239830445815,0.875929238203727,1.2648352127620766,1.247161739638799,1.9128529270997592,1.0267254113816027,0.9762195786237542,1.662096860863873,0.9933704764093063,1.37135557188238,1.2723846337395317,1.0026525687118628,0.6486269539206054,0.9090335301506377,1.1034966773765886,1.0936946663685105,1.1923422230223568,1.4418159616074326,0.9883477857322843,2.07340099241186,1.4711206182533993,1.8954686154210052,0.6765374599873742,1.2585446768713813,0.9368924759733371,1.294245249065909,1.0986002542183015,1.4086116804372126,1.078730151183305
2020-03-07,1.3004892234469811,0.9727949061082015,1.4512013616101196,1.1246771990265214,1.382728216044376,0.9101766976886598,1.422977937533189,1.3110777735258794,1.3382486366578863,1.6123057976403452,1.5692337113338604,1.1825282368066372,1.727005990620274,0.992340928493875,1.4904323220851958,1.5473602113091203,1.2298554595354327,0.9874954434011852,1.6456543072501262,1.0582327901653792,1.2075926806799462,0.9642492495950498,1.5572671455542015,0.9523024769440188,1.4392363456248027,1.4199745008554774,1.3567134891835055,1.4305773899696717,0.9441586528521125,0.9886586549524179,0.9761578040551693,1.5176233299970703,0.887849225754357,1.3380031086424242,1.229013880148797,0.9225012169980099,1.5116473376019688,1.1158371893224452,1.2723545584634874,0.9410252250098203,1.000177594274614,0.93580314691035,1.800834042557378,1.2919959777234427,1.2492008821700173,0.9988555929381341,1.1858664191402846,1.0526014496695957,1.321948800961249,1.4391095510238,1.0540536909005775
2020-03-09,0.7411207827893803,0.8835073752206222,1.0674804186366738,1.2934866572420067,1.0654895729847629,1.0431226138919931,1.0496955663886702,1.2189420941462916,1.4058718264082788,0.805742660990037,0.8500273748865433,1.199700886797889,1.1666061707411228,1.0689938010056215,1.2460850403396393,1.0241716708262036,1.687281892862309,0.9481563800210191,1.0107824892770283,1.265405712186556,1.2200360632676566,1.171311827553431,0.9176087186811187,0.9660341853013072,1.0493536058835633,0.9250772275412613,0.717637430408005,1.0774875441692382,0.9614293651858195,0.9149587448711135,1.0245153397961428,1.0651694419966176,0.862056756790529,1.4672134975815603,1.2298342371003093,0.9589853852475079,1.5011137339236327,1.1769007973141303,1.2558467722767495,1.178180736540684,0.9694459226595249,0.9547144623283227,1.0770736031160426,0.9472074750655062,1.204624557790319,1.082318925285202,1.108719965299493,1.0539927336590802,1.363055000497621,1.0933072627190403,1.1680034439240867
2020-03-11,0.9114647120497329,1.2050550197860674,1.2428300890999966,0.8934530385950331,1.1586931448496987,1.1246466385182663,0.6600222524601748,0.7873060777619649,0.9811583173585453,0.392471928289499,0.5890901612673584,1.0789054881213063,1.2863457024791514,1.1787819936095492,1.019963533069804,1.14668550430138,1.0066300415079517,0.9637005659528101,1.1243615792334614,1.1100357202536535,1.3421735652178612,1.3416967553675605,0.6408137650782183,1.1653116807522967,0.8786771963073167,0.8725233627801224,0.6111830906017766,0.8963987620562033,1.4932739793629717,1.1796820806424824,1.1471238766617182,1.3424321955695009,0.831172320309139,0.8977163901139834,0.9021523901140619,1.0040910671253211,0.8361789424362787,1.2628212774241983,1.025229088098335,0.9090652912745717,1.3493805249393003,1.7074944467776128,0.6369124395023205,0.9435513743656724,1.3345816413750073,1.0713055303659147,0.8827672922852084,0.8147510557454077,0.9582125826698017,1.0890339403832727,0.767355279219349
2020-03-12,1.1211396169157595,1.150830583798802,0.9613792876748353,0.9102677639437152,0.7703319886342052,1.3291485089896744,0.5627371927045282,0.2056055506934899,1.1483854075900826,0.368620553647167,0.6099898514298183,0.8739873228747196,0.7501487947278781,1.0204462018959828,0.5565936951574405,0.7941253528341164,0.821160210362009,1.0891036531989922,0.775798117960744,0.9331081697204199,1.197710536368108,0.8047681883460269,0.594072831175072,1.3060504633354677,0.6670083463087368,0.9686419743710887,0.5366107392987423,0.5730884905253321,1.6269398511028954,0.8763884420280459,1.338355352571726,0.9598865615337768,0.7997386552766695,0.771078680516522,1.126482605558461,1.116093656190826,0.9615165384165736,0.6914839177212985,1.0393658972132647,0.5809107418350327,0.9558130828389823,1.007940222533687,0.5284311619873248,0.7417602063916077,0.8084225717730958,0.7062279729223405,1.0710358291512052,0.6733488254118524,1.0448358555963697,0.5665282897020352,1.000454779891702
2020-03-15,0.7129731483018251,0.7048782373432289,0.3467244474394024,0.6061562796804512,0.610656762712123,0.9067877887762673,0.4127499044907459,0.29661214858729706,0.5348110377949485,0.24731682064531627,0.5367480310593078,0.9465478920840701,0.5951679848074398,0.5317686175753855,0.40433815282034835,0.5276179275893742,0.604466918132143,1.4988432450828577,0.5310543644824685,0.9498212103903152,0.6186609122151487,1.1221150601020555,0.7900289635530825,0.8327920426335815,0.6688312025720898,0.5611954820722587,0.3737850849726779,0.5489172151415442,0.6973012583436345,0.6266375629708818,0.9172843328632331,0.3185387370665485,0.9489006205747083,0.8172071318793314,1.0833815244967722,0.8844579912889307,0.7903918226863479,0.5695670984789545,0.43832204012276044,0.48269601899134107,0.8110370115473979,0.5584840335369101,0.5040360066030919,0.6072725735548062,0.3904022828238359,0.8688814437137206,0.6623013077790141,0.884949517038401,0.8105410159915764,0.6408395845700647,1.0459446553543632
2020-03-16,0.7663325205187669,0.8964497141982672,0.18249045357176133,0.549900017889696,0.7500719565387064,0.632240266600081,0.3319235324550354,0.2300696091091861,0.47847467834153073,0.2375604044921179,0.5199045025672911,0.7938214808493677,0.49540390585725347,0.6421488979650152,0.25294533070400244,0.6471428585582274,0.4801070699297639,0.8647899355548441,0.41819815461533827,1.0202835013527116,0.4704946764479554,0.5804479314071447,0.317669327240778,0.9959857443305051,0.5545209227038601,0.47421017802104054,0.4154495272641881,0.45183613667887423,0.6986083639223747,0.5798334162669622,0.890768933771135,0.22358101693060012,0.7348774708590519,0.8036931303289946,0.7852120159275853,0.878906165438404,0.6104974899557183,0.5208590969053362,0.5393599534060873,0.5277588964983291,0.8054153727991324,0.4458027421196534,0.3063886139547442,0.5329778520806473,0.6005616952337807,0.907202578566415,0.8489628249606656,0.6675497812156157,0.5157454926695236,0.5855979906253989,0.8161102675862885
2020-03-18,0.7647744177565332,0.8272046394060394,0.23463084404852572,0.4354663379792525,0.2824694781611269,0.5503042411286777,0.3270614450840584,0.11941398748862683,0.46777460023327994,0.305777494783543,0.23097320612731662,0.39902003098795485,0.38705417956467675,0.5899407926057826,0.20967988463986173,0.41896772800093557,0.37805311443275447,0.8214378048992624,0.282799407576665,0.3853446559557194,0.6253980477174088,0.4559516488153164,0.25989953655966425,0.5891473736302041,0.37660137242740227,0.40257045872346814,0.5709549370219412,0.4100871290845251,0.5425934427254969,0.5589238325645833,1.101884769092792,0.21430369399649263,0.720251359831578,0.541969538758927,0.6366114458957347,0.9938104297503972,0.5418659350161186,0.47940862687107244,0.3901828759316535,0.41227833472808106,0.6284804430626038,0.5205298457241458,0.31115092007929523,0.4775475265133246,0.5625122061952939,0.7520245467559602,0.4235875672121173,0.5041673651515177,0.5928807968839397,0.5522185950471235,0.7780307203816826
2020-03-19,0.6471376592088534,0.8769247363590219,0.3291162865444214,0.26979123074434797,0.17380077373354555,0.4347839043421374,0.3966821383684763,0.19230831482601193,0.29227865045324936,0.29258281186070306,0.3089784251485232,0.2094240952624066,0.21907294180498013,0.5345940820846582,0.18783486020401408,0.4687999429322707,0.4019704615800554,0.6263409755670727,0.25816913459627255,0.30553159031754745,0.4351483895334519,0.41609524435039014,0.2921885173921907,0.41825724964600286,0.4019562666440564,0.29195624496552103,0.38629528034786853,0.47910964680038115,0.4382733191980367,0.460101063358485,0.797820503058795,0.25948351216325394,0.6385748857955701,0.3784625506624687,0.3341881785009659,0.6862028337366047,0.4177158058221684,0.38984204060058353,0.34465144469872794,0.38303075845814905,0.6018800406156445,0.48611947397448785,0.3353712477790735,0.43844660550755976,0.5049811288716582,0.6896960319248155,0.3800554008515672,0.4149609563805587,0.4692636258328327,0.2515770145935556,0.7286442081196801
2020-03-24,0.5856095360007367,0.6959464174384878,0.34174770401780924,0.4094376248584793,0.31140766321117097,0.41787093916759227,0.19467551267728678,0.17392175825141365,0.2714462313082443,0.26776851353287034,0.3736530908626716,0.32689184154022877,0.27190599690639294,0.43626251818520734,0.2003702091041635,0.3304843128143803,0.2695783211176935,0.43521746192550476,0.30639570654158876,0.25791096973721417,0.4371458357333094,0.36050030977216757,0.28902753971501377,0.32296570438356126,0.40897798212859887,0.30095575945797376,0.25836799591010506,0.3311224265076704,0.30259903471082183,0.253960650716233,0.6800604212303774,0.19449221780793952,0.5112254163693908,0.2019742082257828,0.3491758051474423,0.5690549844385996,0.3150706365713818,0.25340938759549686,0.30310618381105364,0.3545491548967033,0.5233517798612918,0.4756003973695351,0.37240174937729836,0.18859236094544274,0.5060796363885386,0.484781448792157,0.25803601274790117,0.5354485829580302,0.357876563699317,0.24693126034588594,0.634983839809983
2020-03-25,0.43053599073241283,0.4397171966212954,0.3806302925379895,0.4623625265843106,0.2329508516530592,0.27166828988860786,0.21247319674502593,0.204959287746554,0.2490844534491124,0.2382462391599157,0.3475240933694426,0.27766544627690976,0.32669432269318954,0.4461174504481223,0.20649584810944663,0.24700189334081038,0.2630334351895133,0.3708301615260997,0.241637823780647,0.18013086135513157,0.35837836887511193,0.279575138729312,0.29492952919973686,0.17036139761409574,0.30053766521891784,0.2334986419277354,0.26567102567308937,0.2889938044711628,0.21830846222292796,0.3182109110559571,0.6066262555749989,0.1421241295653558,0.5891423822952049,0.1546280865783827,0.14767147703320588,0.423831623466888,0.1837594258944802,0.1999802869065184,0.2341754990787929,0.28249591538150615,0.44330016441452436,0.3996344655666477,0.423368514964927,0.3411546796991931,0.27693053993774336,0.3779965012516363,0.29738422253382474,0.42358238272398574,0.33309368766959413,0.3945166791400349,0.71349435297741
2020-03-28,0.4863884503789619,0.444323429051918,0.27446148875339277,0.4496023752940442,0.17648434420868095,0.26823862153431755,0.16724522710086692,0.1078920960538653,0.22110097476208912,0.15830273540495693,0.36560314363434365,0.3031481287472069,0.3436030282034352,0.4719299583821949,0.21094142479627545,0.3208419273436656,0.1970615144102277,0.360496592268562,0.25924343560217006,0.2330465125355846,0.23329444398476912,0.3071231107665087,0.24975785048022994,0.1973286106702609,0.25435556442254004,0.32238463267903117,0.24895708952889353,0.3672745681255441,0.30542063631503336,0.3802546764291397,0.36312387935698925,0.15221081625451868,0.40738834385872635,0.09543875136718655,0.14879653966020248,0.5338874908645562,0.3431413556657162,0.20974020520463416,0.23835218954841217,0.37616660689176185,0.3129406777943831,0.33607874191051007,0.2553075249805415,0.2164007309232877,0.2959831059230879,0.36938754442512417,0.273640268972817,0.22956608900314338,0.24136196296156595,0.33421980422385505,0.34773452430539875
2020-03-29,0.20165811119361482,0.3804726958099175,0.3149955568723103,0.33392372507318735,0.14293473716165023,0.27042016968130256,0.20198892914464156,0.0631993437221744,0.1941009425804486,0.2051663782397569,0.44742372351936754,0.1692526174167523,0.4171744029187103,0.4062676029138412,0.17611920613242177,0.22640517889643305,0.23421378043068694,0.14787984426369932,0.21752248560967516,0.17030508962545066,0.2545223544188229,0.37049860097847653,0.17884619047098788,0.256847031510338,0.2793000117332947,0.3916989212003231,0.3102196943596161,0.24124321344614566,0.37057125362697085,0.38795244449819843,0.34715945423464073,0.18244071032901746,0.4002773812449467,0.1716627725739586,0.17873636341582552,0.3460329266929586,0.3620441638152516,0.24591653455927456,0.20418630020117737,0.14886895954426518,0.19607233438570018,0.29354472684217675,0.27735258665909446,0.17929331946290744,0.2891483910464169,0.29019636662830334,0.10748399743873943,0.26767519549857627,0.3461686157190892,0.28829049186921685,0.4873483334900917
2020-03-30,0.22212365617125648,0.34766665229708527,0.326153996299533,0.2756831051134389,0.13443349532034773,0.33224196137936973,0.1706102659210666,0.07191669203927407,0.2315531863182982,0.23786230781716494,0.4170724038867189,0.1779438548617777,0.2688831082229713,0.25362593203297357,0.18820226807671697,0.2016018135137733,0.348899250108463,0.2753784455162004,0.22995921389209012,0.20376507242031736,0.3125130244176095,0.34560451917644675,0.18724627026337412,0.1783601262500696,0.281027264080048,0.0971020899930411,0.22701359450041297,0.26669422576680035,0.2508005418180372,0.4563861982719032,0.3956308651616722,0.14613208876301292,0.44814342303272975,0.16825236013583156,0.15445425217471653,0.2818467040360239,0.3293456610252488,0.17634141638112935,0.14602467406094025,0.16676084207951533,0.2776054924107261,0.3855304613433311,0.2835147435827131,0.21130527957829942,0.3635924912918221,0.28474932800263836,0.12790678183160423,0.2481228659960844,0.2671473516351726,0.3511958739611884,0.47598762171822157
2020-03-31,0.1527975541123401,0.23087528979124178,0.30379675201693557,0.21877599415761323,0.1858618634081886,0.3042185598669485,0.24155260704394602,0.04229832246703064,0.2160665993588381,0.29646227822857973,0.2670544105692558,0.17842919301496823,0.311304056236522,0.22631833422200764,0.21485778394396118,0.1984633963715262,0.11690519150520513,0.22713634341999583,0.2031096311529756,0.19607170221495016,0.18930674103671588,0.34324263079166556,0.19400202143915948,0.12245440630930632,0.3158349152255214,0.3051051498681149,0.2797521213007683,0.26362618458756537,0.1878579892859401,0.353079487924987,0.3415620508584099,0.18098641410096414,0.2241224557596479,0.16868910411551333,0.17912026109991183,0.18311463417086377,0.37714358258354624,0.230784379066727,0.15706907483124624,0.16813564849081117,0.384045894548919,0.3294022253368619,0.24322429000235338,0.1991483522649478,0.25364159427802874,0.27997911573039874,0.10517624321458878,0.21732637420901899,0.3062557970543579,0.2524377615857398,0.28476249200491965
2020-04-01,0.18573039229660313,0.18062244309031864,0.22321477346651702,0.23608640148857973,0.14933358098721072,0.3189485080857921,0.10989016988372764,0.057738355428935455,0.2734795106784472,0.3140926324482808,0.33848173259092457,0.22428795261196172,0.24495682621398115,0.2234765094801402,0.19906590620019785,0.20622168126687868,0.223341089691037,0.25703032495108175,0.24044080488628086,0.13653283676104572,0.1574347849481476,0.3801753205267631,0.25862971091170267,0.13692700001130223,0.22154281273551116,0.3197417624341576,0.3186454196375176,0.31928191493649,0.18105290843401162,0.29421082182470587,0.24069491490019748,0.20780814501629774,0.24759106619210236,0.10337876770198647,0.18978093895553472,0.31116365536197643,0.38491561096125654,0.22203945321866544,0.1913141409959477,0.17678419739672557,0.2555699414420019,0.3204810178462098,0.27595512172670583,0.23761787672639337,0.31708124941477567,0.23798303827874537,0.13620339393011466,0.29335445682066247,0.29949315396567355,0.22933320155606604,0.2810492585027783
2020-04-02,0.21561013180795663,0.23250984012221274,0.28032979368817196,0.20926287182217063,0.19054140436285513,0.22369405957262195,0.11511380331845729,0.03185162937758759,0.11639259551513703,0.2200994587204105,0.2373610593430035,0.18174862310788673,0.26887819799802903,0.3101935361643164,0.2743286539110431,0.23407187701091553,0.29733735284156354,0.17230995078747496,0.2695694417680349,0.09417238205100593,0.17032478423671998,0.18401502976001144,0.18393408198620542,0.15248399039086813,0.2144996851763672,0.3851637805209315,0.414413887844729,0.40859630771686056,0.12790209667693583,0.31495054274670387,0.13725136810091704,0.1858217027657014,0.2647567986693946,0.10639272538351789,0.1326210911569542,0.1922898479207204,0.24923932110520128,0.27565436748602085,0.1684712832010661,0.19759849799730395,0.3276020967121416,0.3970636229779435,0.3058242475848229,0.19344111220499483,0.37656093236186805,0.279853769817894,0.09011772968230736,0.28808845280937334,0.2231640407894492,0.2146576835611049,0.2835964755668438
2020-04-05,0.3284686335374757,0.2367600715464579,0.2681256313392134,0.2555911154900289,0.20834159988815817,0.25307023391343747,0.2062607403976142,0.06244156240360895,0.14930127924008052,0.2573554983330607,0.186853827597792,0.13499574473554596,0.25842784697927834,0.25811903637515443,0.11405750397915962,0.18301247702018664,0.4044832677000512,0.15871871662467915,0.10121031895457532,0.11485840862202548,0.20006278674964476,0.1293419762722324,0.17152584360222348,0.14325535076335497,0.3705112977781342,0.4742165003306587,0.33603463248008236,0.4005797546242884,0.16917017218134925,0.3166011465527592,0.15662934913441826,0.1615527932522456,0.2328152270175613,0.07915502925501501,0.07261395223613404,0.22403383909223215,0.21449793244888693,0.20796081929647356,0.14671356135845082,0.16148980276656147,0.2010036491470425,0.3625079903997141,0.2765982300827632,0.15589011370484174,0.12295146429401596,0.23203835767209097,0.10295445463959192,0.6161120886434286,0.16767441821383233,0.25107047211511346,0.24059152583913
2020-04-06,0.2679829858636059,0.24558849594090776,0.3142949327136524,0.15711183760601843,0.20812966420727852,0.20331801064547367,0.21535579397536606,0.06543069475845417,0.21989910095478046,0.2566935063860934,0.396382661071139,0.21255806426982546,0.28104855266633155,0.2715737630415848,0.22025433340239897,0.20597162501547592,0.28105265760247977,0.16633555284549242,0.23746363075327503,0.09456971554890813,0.17986071364646708,0.16125569984521904,0.2068931364734157,0.22803307249959756,0.23969341983066703,0.20476338047912462,0.27589949851856926,0.26436107076070553,0.18999882788213554,0.2816390339025668,0.16304674364008429,0.1675214256264481,0.25501581415372265,0.0994145960929562,0.08018431028102604,0.26605822056141526,0.2691104171727223,0.2913487340724944,0.13722036316478922,0.15812493493276938,0.24185738099410045,0.28608434994830434,0.35344428485794627,0.17763366042638518,0.30193605873105833,0.1619893050222893,0.06321012994535569,0.5877467645129582,0.18404760099958656,0.2670532085203774,0.2966372869454662
2020-04-07,0.11532298925421845,0.255914277592141,0.3351631416537563,0.279872322189153,0.15459400396391365,0.16960910604678614,0.23850515615748144,0.06164942324188433,0.2448133121848925,0.348178044622988,0.40513119871347525,0.10495920379501314,0.2944453743012764,0.34416077009525575,0.23042888605388778,0.20992468880310208,0.4989395935351726,0.18182965547666247,0.24336217928885961,0.0974302157040859,0.2221207867325021,0.11806284127514044,0.24700285322879093,0.053067684246542214,0.25502117550298237,0.36829969277159996,0.332325098019715,0.30377079310634053,0.2522690668014656,0.32401948094140426,0.157587969636239,0.3185005470117968,0.24822301580987832,0.12394413251174335,0.07804419340714813,0.2675322834463392,0.2923920882916315,0.21124421611739552,0.17662853702551348,0.1828472596776225,0.21283536390326815,0.22821237634150732,0.4432139025399636,0.26601380132130253,0.3123732926761523,0.16956936600073746,0.1454166472469529,0.6854880972051968,0.23161190135446666,0.32065085062581633,0.2850988102628546
2020-04-09,0.20288953592590603,0.28588658313648513,0.4169792456013089,0.3569880629089875,0.3510005191689059,0.14359979674820675,0.22285664238347722,0.07250077537297953,0.2307765519213887,0.3872965203340563,0.2671061008198147,0.21444712059506985,0.38470416695883797,0.12982017654462638,0.28965854272336816,0.2283806615145465,0.6471294628710372,0.1992678997899699,0.29831520103439,0.1148909982622796,0.19771699014291785,0.14598450861013715,0.2435064978800075,0.12565658923232334,0.2965524490169416,0.47555085500685185,0.35094565454009774,0.3629706002352868,0.07447687193916269,0.25242322303398756,0.18150371714221977,0.40460714725613856,0.3141546952029682,0.05972246410064166,0.06875564241115677,0.21972814736173865,0.18936777234932867,0.3691231689084462,0.1746059504890195,0.15340562754753376,0.23695400327245605,0.18041854228944929,0.4798258536709206,0.12295470060269843,0.33753004574223033,0.18475174503161584,0.11530132458679838,0.6676288733917455,0.16964392632056577,0.12109844198549373,0.1311033366617623
2020-04-10,0.2263132253427636,0.23839270027428025,0.14571316595937658,0.5502609203877846,0.31763804613923413,0.18952258538888944,0.20560143270682546,0.13573407648633412,0.27514287998751324,0.37767599670705254,0.34722393943567087,0.15780172438804738,0.542869777210742,0.23694032144155958,0.2161176029094503,0.30601280381800566,0.42439152123048546,0.15109918253120974,0.19050779003525817,0.08779712452999505,0.19876639923563377,0.1444817223191347,0.09604785454403944,0.15576492855518123,0.417048156751513,0.4693111197537494,0.27654337712627586,0.43466110057113017,0.14787705120386793,0.29003199938462454,0.21839572720091222,0.28916924773957137,0.1986139132681205,0.0949086990683288,0.06977778611638538,0.16537533437963398,0.23371671640728095,0.3775624675814485,0.19283785925045635,0.24769626746887963,0.32719620731576077,0.2654175180034144,0.4654846906060283,0.20034885425142168,0.30478925922126104,0.2284527010125603,0.139632828305118,0.5394978321714454,0.17881442323411337,0.23627841552810208,0.2096872134651987
2020-04-12,0.2690896869751552,0.11971438203632419,0.4055680683003171,0.4110387331745082,0.3079163486460241,0.14666150850888662,0.40760490276283545,0.18116573018630544,0.29512538536305716,0.23414383366533528,0.3501943967863987,0.16414016331882617,0.46703437089939814,0.24109734052556397,0.3433841354665768,0.11983060368708184,0.27775505240908366,0.17038407739273648,0.2728580931458974,0.06217305353079265,0.23523569251752025,0.186710577602689,0.21281507038529202,0.24400299164215575,0.4693298077995583,0.6574523358470643,0.34136615153204347,0.45083766874782444,0.20077463023841002,0.3916044074235947,0.169127783402588,0.27200212884873465,0.27684787555425877,0.09888128839835374,0.08102284196911728,0.2239254216212803,0.3681036936899935,0.4113028281265316,0.15374051741667458,0.10620964130162013,0.33034681073234806,0.25616963458883724,0.5661665234609655,0.24043124188111242,0.5261093688324845,0.16377949149343946,0.2656482233318126,0.3299732899335225,0.28813285033540714,0.32568039353787687,0.3468512177051827
2020-04-13,0.18968933583206266,0.17962060793480478,0.5125147287855365,0.389540338359452,0.22394346375763796,0.18384494567956727,0.43668358929298917,0.2314572840968838,0.20803064026278512,0.5902229839892484,0.2077359350094301,0.22523406130554233,0.4131631563899947,0.29384093020275576,0.3455256677954584,0.1980870066288386,0.30426293069896393,0.18270340448783126,0.3721097893282343,0.10866058268522884,0.16814293802593822,0.19535711734870387,0.30354791131064557,0.2986711396492873,0.6065520763386257,0.4095614241517118,0.5767247176783098,0.28448582445204795,0.24164234231510476,0.2412142074878819,0.15355890143016804,0.16935287430108478,0.3181775370716738,0.11941354788880955,0.05377028460793775,0.15239492095561755,0.23318368228985442,0.480357025410301,0.16434620381707374,0.1837562842079631,0.09999542021856785,0.21821184213981543,0.4817633316072092,0.2744053230784348,0.6364378108916294,0.1906652504227951,0.36012266081456346,0.31756806087041384,0.09834491569582976,0.2302926363526066,0.3578179593464937
2020-04-14,0.40972747843216584,0.19890467382669128,0.2716136662996019,0.38807877299190247,0.23860199557062628,0.242222507917319,0.4979219081795253,0.14072265022593883,0.23478891557044726,0.6558943223676171,0.32298721548143056,0.17793915785333173,0.4064805858415658,0.2948274140873652,0.4184439947762685,0.2123017452305599,0.44943479200600456,0.2332292537685093,0.37813809952789085,0.1083548901015957,0.28523652711324865,0.19132677192034012,0.49310854973514306,0.2990549589740733,0.43533389305377473,0.5112145610354554,0.6255811860504983,0.3058902691280231,0.30719598576971646,0.243893728420131,0.14892906577247148,0.21995906391338083,0.48032009407035925,0.11541811805825343,0.08367423121628645,0.1718567445220019,0.23766941279825035,0.481243243872169,0.3112803499742542,0.19192729974972805,0.22666804861642745,0.21425552815421275,0.484767079713823,0.19062447707056132,0.7096429720128064,0.1880013684558861,0.29739834662415227,0.5310795371843272,0.17117537407479896,0.45292782498389,0.24618119410852654
2020-04-17,0.4442299563657972,0.22395626925336265,0.3659859961563541,0.2559964241407398,0.3297391469657733,0.07898538130978504,0.30492737968551165,0.1421578549724521,0.3861791335257048,0.6584345339852791,0.41613496550634066,0.12661213690043674,0.2887171403176679,0.23841110566668436,0.3788814190521123,0.2800314937032449,0.47036373818660787,0.2213729085122024,0.4998073141445725,0.1071122510697494,0.3653609516510881,0.22762107475981927,0.37912858500091107,0.24964317428862906,0.28447090837291805,0.37358244781730376,0.5951464452246683,0.5425518311158136,0.44668072525791114,0.3131820429753495,0.221707390730356,0.3515146613912687,0.5977661771517767,0.13262286738178214,0.08445194828820768,0.2489906480765854,0.35805456409036623,0.27968265002480674,0.3070125771240552,0.22262977577730572,0.29413358211271284,0.31049871847209515,0.4584945383943238,0.21962729083865906,0.32792088407693204,0.23428598574188894,0.21032780095755546,0.6540200221177926,0.20601053714927428,0.5206244124785341,0.27475871848506545
2020-04-20,0.4368475443997879,0.31000603904314694,0.4162169358426449,0.27515004331722626,0.4105216515060464,0.11529495486755958,0.3005586505960254,0.10812205689192161,0.46029924846627784,1.0085447416513753,0.4624645371609342,0.14396068097198603,0.3355559668169225,0.2784255680912736,0.3099206539292569,0.2686603909250363,0.7215688632215965,0.0813696435915051,0.3355484020650675,0.28698171181968823,0.42110772634437643,0.20407791432521008,0.39508037762789777,0.21114466610446467,0.31590809698583816,0.3315766842255064,0.6609743219377989,0.6432160373225201,0.3130482218296475,0.4254943338281718,0.08565975197471565,0.3276002782250798,0.440480809384866,0.09823420591818631,0.09121689530882018,0.2753993729838662,0.25794343883184323,0.25602483339665316,0.237094883145917,0.17364038380625194,0.36709000093256294,0.21881673640828977,0.3243045947447039,0.33614790973591296,0.4910446696689963,0.10716260686807984,0.3533334070699344,0.8266115778909756,0.2106555104345257,0.49469073906097905,0.6710857688477119
2020-04-22,0.5580755928890525,0.07332343394674457,0.6396008263367454,0.48124319871602905,0.4249466841581225,0.18455651998504818,0.36106296027884394,0.07006768552115404,0.33347532101364585,0.573237697950484,0.6386003502213303,0.2848147758915062,0.3547866121429865,0.4737105817976288,0.21126373489885056,0.3982137751365975,0.7020759382993873,0.19930353567250733,0.37751070021095634,0.1765274131141928,0.2653553347315404,0.18053123427253778,0.26924993200177155,0.343208798230492,0.3224633615219502,0.42809474636835426,0.49068688052087767,0.47654777886748284,0.3284301567405311,0.4733105589669723,0.16479198521208238,0.327941879834025,0.44070343954454955,0.20232736112547844,0.19893191278883746,0.15279125841674265,0.3066745882232888,0.4260182225248656,0.25684779584780865,0.19362190965658577,0.26472655604112305,0.22675005966252978,0.4124118849417018,0.33030232220682965,0.5105551475824426,0.1521154758513322,0.3796648262811881,0.8215630322627251,0.3024737213080049,0.42570788244552904,0.6175800126081279
2020-04-23,0.4372968115786374,0.27369579919731185,0.6448009415275242,0.8030686391129285,0.45243159414101813,0.22070659245357413,0.23021355777702132,0.14862122531364624,0.3656028462334492,0.5164098251962306,0.6285769554351788,0.34411815233637555,0.4845698563591816,0.5545301059192232,0.22393398404402845,0.37557116232001053,0.7581484389116487,0.22444298238484087,0.23401476651996056,0.15164226374250142,0.2856621933137215,0.2743273693231192,0.2823041101846972,0.5791191941327317,0.8024302312188746,0.6498357646013261,0.5345360240399643,0.5110961532805518,0.34019831610444534,0.5583647247533995,0.23178529535833764,0.4263237234089691,0.4693903926205134,0.18828447081662628,0.13081759816715474,0.17320518669700144,0.40502544486519054,0.6567404116770059,0.2799871329604121,0.25730846346699443,0.40254096830452596,0.305525392114491,0.5987433180087142,0.3449325564675564,0.34489280243326204,0.18383144272185573,0.41354512941065397,1.1335352067292948,0.22227518244247726,0.4449458660527825,0.4648217359096216
2020-04-24,0.4380666896967541,0.33406312211984696,0.444977388238945,0.9856889028458546,0.37198180466787834,0.18035807703698886,0.23749796289774658,0.17846688539860928,0.3512277091390846,0.535761498329551,0.4736275073014003,0.33166306902860115,1.0027572897926365,0.6271637023642139,0.2989637155374337,0.5244676589476979,0.9679246825819231,0.24014147417581358,0.260654594058847,0.19745456869589081,0.17801720597295,0.34639788642291053,0.2655827004568635,0.659961336317771,0.8675311686554307,0.8878982091725184,0.6176807032518621,0.28702728844337977,0.606649036649365,0.6625921664684211,0.20413306527576056,0.3881122013147523,0.3153286315141866,0.17128689726311108,0.1389674807208152,0.199393145002657,0.541961246441341,0.4965011208115372,0.27801985973210797,0.3411650258792821,0.5159972502071616,0.20087402973947088,0.9492994518189958,0.6498440718224412,0.8578188553107605,0.24932526077859998,0.2973758786896416,0.973374755750029,0.2040688753873544,0.5565314821186084,0.47471517782830586
2020-04-25,0.46777918805928415,0.14903275341814493,0.46786635341706034,0.5973052298390539,0.32150919915489196,0.27948074546388807,0.2716490653469279,0.12645968443472774,0.22619623488808352,0.5447060870511123,0.444739951536894,0.42402396401160697,0.7947539811902533,0.6300692115747311,0.34318220085837803,0.5648174563384496,0.9776675976385313,0.2884998702205816,0.22823143224956852,0.14224121850005364,0.2245726113280708,0.3664001185214385,0.36057637618165933,0.3945993870763481,1.172147443291249,0.9582706660204645,1.1221059635990325,0.33964305860594446,0.654510909321703,0.45408718732879205,0.18156513625589424,0.4215807983954863,0.9237450572083004,0.22929253426012547,0.11069975507060431,0.2096343219808988,0.5987625864549814,0.5092651679565617,0.1846190823208878,0.297115198391298,0.40844717379595963,0.34899949388077095,1.5696439988991233,0.8155583016865444,1.149157118788453,0.25353223765491445,0.2662771759438183,0.6449404163222026,0.3094936210374119,0.7674835260919334,0.4958955126041181
2020-04-26,0.32231388297449287,0.255692574069493,0.3849610069106058,0.5633184505868073,0.49705206651089645,0.36049072530190973,0.3313634667272,0.16396636847694085,0.2553041276198585,0.6920649821893661,0.39765851942536395,0.5364547269847234,0.5749735092191862,0.6592209524666212,0.4197003271603306,0.3875857592388926,0.6905479450505988,0.21159210579425358,0.3033756577472126,0.17228674431261679,0.22538457875578266,0.2827229416320718,0.5710682729096445,0.34262141231574006,0.7598929420336311,1.0157495657097992,0.9511243919805892,0.723092281523744,0.9369933006851233,0.4473136263943726,0.3909421469019285,0.5544660739696848,1.0274740735754495,0.3508722177011246,0.13636919379204973,0.21781939552500765,0.4168574930267895,0.8352088321814264,0.20121023426642198,0.3177030584478044,0.40055506967776333,0.5215897069846953,0.8658138993357137,1.047277317648496,1.505312706746642,0.18482753790564713,0.3637890777446611,0.8225935197476734,0.4092991408609758,0.8494759445154839,0.3955770741065102
2020-04-30,0.3267757372096943,0.3049650183373043,0.5538013214857603,0.7018321454851445,0.3549847724877553,0.34888801756377374,0.36438700165988036,0.16622970285879857,0.4035767492675965,1.163223138350703,0.7881733761719589,0.4267255820362631,0.7101710506633846,0.4272087388892953,0.7903420971490244,0.2523297328767717,1.168991258280786,0.2821872956508836,0.6468577255304877,0.20243215643824078,0.4100965758170095,0.24607616323571832,0.5115378469975379,0.4581070205045128,0.8579831515203827,1.1741745965395642,0.9872129907391767,0.7851552642711237,0.5235927959615612,0.33014438784865535,0.3291368768326456,0.5179994983734311,0.735132058050608,0.3971981921344608,0.18471954517124609,0.20965283372244115,0.4324640839904435,0.5834464121003403,0.1989093001434935,0.3302362453896443,0.39161324145501536,0.3837067439834919,0.8862620504015888,0.5856359660242247,0.5708106557755962,0.18823709638416306,0.35245649915771193,0.6904233302205343,0.3310321371678683,1.0853819040254484,0.5168810819068703
2020-05-01,0.7189757530654945,0.1952532019870838,0.8739081547053632,0.6149770052783137,0.4049570614741099,0.43088284690080175,0.5126943682241263,0.18420440506340593,0.5157832588882556,0.8893223651439227,0.8664275312002591,0.3028241130533572,1.1566607057387202,0.4880417489969957,0.42129295331556726,0.28961493142012856,1.1242194458967296,0.17465075166612595,0.6881248352282101,0.2590049064479094,0.3990799651430431,0.28325301461037133,0.50084302597461,0.4788433518879876,1.1377250353824184,0.9897911623613308,1.1661392251908185,0.8126649369328448,0.8831626387537482,0.32872367331209296,0.3279165032624567,0.5225425921699687,0.9488548355094002,0.2890437953846687,0.22845593760928143,0.31452746063291637,0.40955212170378386,0.5428672924385175,0.3896375172971962,0.22052537356046484,0.2284577995578037,0.3807227228239006,0.6929786880442762,0.7185269091326787,0.776795258563999,0.27952530181135843,0.405461675486947,0.7489143073695412,0.26377741327919774,0.6306041335941039,0.8255112857874718
2020-05-02,0.811508379581596,0.2466953157099923,0.8844913885310708,0.709569984842644,0.5560499890326656,0.3279595507564407,0.7034932696275946,0.13831744503005797,0.505437803789599,0.7162692163670753,0.7953769399208721,0.3535569273453029,1.2468902275368972,0.49842643419816174,0.3913622052692858,0.2917047810972102,0.7869539992793205,0.19696909752525235,0.7165888509483935,0.2854648618500414,0.47582208885528793,0.29046179848158954,0.5590134136988159,0.49065952458454554,0.7565580658000699,0.8318758772592968,1.179094876477672,0.9672715766351013,0.5970831612419109,0.49776945169212083,0.22857773375494203,0.45615800984656846,0.6095996662463838,0.25684668515925163,0.22985700301431183,0.3190254539301037,0.3192636560314357,0.6292400734526827,0.44980804765112914,0.34242126368530346,0.2721547004672245,0.3005720137572655,1.3107749393281647,0.5654809578540761,0.668560299377204,0.3903756427775573,0.38276539162055584,0.7611149221456349,0.279435330945598,0.8762954913768494,0.8406845484419114
2020-05-04,1.0752267589101798,0.22649798327000403,0.7441892392487689,0.9850818691828098,0.4354597138986101,0.32388153323319896,0.3960810382907265,0.1926671640859496,0.6367480599111093,0.8181599036692497,0.8137954194042185,0.4737403742386611,0.9269270651097107,0.39369282975299336,0.4110639645287666,0.48938034746521086,1.2767429928052514,0.446846395739111,0.7320257975185015,0.27873101881447643,0.46626108230597785,0.24648328352185134,0.7873127981955585,0.6489755862428539,0.8847757131536321,1.3797982748164097,1.6154965934196754,1.3521274495734859,0.6881209629159439,0.711369081021666,0.30011072731230853,0.4351438212016832,0.7322142002003585,0.30727738453359354,0.23175581476157875,0.31993239287216874,0.31749355553673664,0.8033917854336937,0.6017710184525346,0.4585730725151265,0.33401953801496886,0.3352741032631058,1.20307569462387,0.6447184546904832,1.1680603160767522,0.2715598193019534,0.4043310628290959,1.0688595107969776,0.42484654813696454,0.7359700644170948,1.0556532479809302
2020-05-05,0.8458785861477118,0.622089465884333,0.8025017889984419,0.7565615627708421,0.4569942382320285,0.20344291579881404,0.5040981444857922,0.1801957297369379,0.8407358776568157,1.7197738840942347,0.7032474951876744,0.30024356503921334,0.8271076454635994,0.37182322634423415,0.4641957555182048,0.5858266172639932,1.2426763781689778,0.47166558599715636,0.9767211159746071,0.26329519752733516,0.6208475356522729,0.26088083319130756,0.7556581027994396,0.45794690687108897,0.943941420368118,1.1541219965421703,1.4021313361795353,0.7604810420260171,0.744222501996495,0.7366710405386379,0.31754488954944043,1.4545800029401545,0.7720951069336799,0.240202178376848,0.20214856793950167,0.21764638906610115,0.5594787075769304,0.6975254077105513,0.40933517001976627,0.46490575612136653,0.7240710945601279,0.31730794538535056,0.7974114324296162,0.6427259024928295,1.0907432097626977,0.2810906350629961,0.5601875235189695,0.9543091990156914,0.7624802757531831,0.8253955335940971,0.8678256371964496
2020-05-07,0.7335138084115773,0.7242260256039666,1.0816436265074458,0.7067680228854356,1.7589608714351754,0.22170420204179836,0.4331920479656881,0.14753574862030633,0.5569213676365966,1.7585810345384978,0.6892364042464001,0.3274155347212299,1.216678078035303,0.47369455559712736,0.6503366051009345,0.7072526295506772,1.779826930769524,0.4962335897239092,0.6162586245795582,0.21630058557818901,0.5992483913033936,0.4263521881263068,0.48678791692198414,0.45388433226355035,1.3040984488864105,0.6898796706169403,1.1907601325411603,0.6342736772060237,0.7361834012171664,0.6517382207065167,0.46571748490370823,1.5307235716712693,0.7180581318863501,0.2586175976758924,0.20718004733518608,0.28790072057617405,0.8470175331093962,0.6660383854933013,0.3425285104604583,0.4675154774607893,0.9014428225727265,0.4686708354711088,0.9047425050854395,0.5808181345538642,0.4438899492934712,0.3092165777895269,0.5005616417238908,0.811565972309336,0.5173075530735495,1.1484317640370616,0.7121299540443959
2020-05-08,0.7200204534643496,1.1068474618725417,0.6330282876217056,1.5520108749014563,0.8892321822405284,0.21158152902025232,0.5325293572909233,0.12085743694144155,0.44850332964159784,2.19509894870142,0.8349304668012915,0.5056811741693457,1.2861804523951768,0.7469129031818738,0.6076524479621463,0.8641688341413839,1.1551527971233164,0.668124944736979,0.528618247588316,0.22931264279998823,0.3788759095572452,0.4896640972301933,0.4764738117951209,1.0635481158628157,1.310740219441821,0.9712089434098365,1.632855081068611,0.8387781527718421,0.9764634945539227,0.5720011156584358,0.4810704043127481,1.5397272646899203,0.7128239793590185,0.30613106526022243,0.20736952960746297,0.5062599054880796,1.3480755205154813,0.7210828823621956,0.3287500010113042,0.47817489975705335,0.6302584394823905,0.6391138891354493,0.8842790536431488,0.7080366318032875,0.7294861383130999,0.20376800235302864,0.3584213531189761,0.687234199689049,0.4767159023426501,0.7525226050714962,0.8911209969281645
2020-05-09,0.8980722309378658,0.7978153893534758,0.7541183835732462,1.567634966316213,1.6891894453518947,0.39447226861997875,0.5466557597046573,0.17474525102144386,0.47824601042137455,1.4244302306078078,0.9235222931833331,0.41679208917828575,1.5274693438457225,0.8895146725270251,0.3420673631992697,1.1499350801323822,1.1813403238697036,0.42026510217560853,0.5423577398403249,0.29764044058709593,0.46347218920909833,0.530431522438742,0.6182870743514167,1.1745131302407141,0.9314083871988257,0.9500092015002297,1.754843064336357,1.0945229312829194,0.8017424266110412,0.5587275745789869,0.48533296871474163,1.7208417805681802,0.7926679327904222,0.30702045710066944,0.2556085396403527,0.5870907206938367,0.8194510974885841,1.154712033318212,0.3578327636360187,0.5229414941525465,0.5590492340253786,0.6992564211386556,0.9795979955657015,1.6430619166391425,0.8303424866369125,0.2003229628604138,0.4416020214923227,1.7454111087229225,0.5962368348487562,0.838966258474148,0.7340294628213482
2020-05-10,0.6818864155741449,1.0380087481429003,0.8429739099916768,1.5919605041271816,1.8641635430088546,0.5134402192364668,0.6067180030274242,0.1762233469442897,0.5240838290007397,1.5104667456914982,1.7030358795839349,0.39308124115771953,2.082733960772869,1.0151726936132093,0.47737216293428353,0.6271974338144569,1.3807174411737952,0.34921172337252987,0.8820455961628638,0.28836795938698945,0.6639630087267991,0.45595180152665804,0.7295319864049474,1.0206930935341276,1.453255390556921,1.332277585838253,2.168427830205976,0.9948071827833559,0.6343380794990335,0.753075378944537,0.37024862702807104,1.4262991661662823,1.2068852612167889,0.39750868287431285,0.3038272569688531,0.8168680208895516,0.7761562675904896,1.2963907325363588,0.5588178676094828,0.40920516091113013,0.7690898015330246,0.7101794925029355,1.4169445248752863,1.2061160763125625,0.8230033858898241,0.3976344757603657,0.9793215992369397,1.8767503080387316,0.8438203728388836,1.418858751288189,0.8976797003613864
2020-05-11,0.7963223585596322,0.9306959489018898,1.1989448719979905,1.8899628002362836,1.6611145443797768,0.526974917968079,0.4928774631775944,2.4598665218451914,0.5763953958715927,1.504858615812806,2.094433194179182,0.3840205972023009,1.2588423160713456,1.3421739627273457,0.5018362665397184,0.6105019790095335,0.9289394507836715,0.339750729598376,0.7218698618477614,0.28761786450346966,0.5087972326746351,0.3854085109489818,1.7571536169521749,1.281936266445116,1.5485267597831862,1.4713202905189116,2.0124758432857717,0.6568001208657062,1.0318493371377313,0.9793611057122876,0.3890565131874708,1.4394262202206485,1.2683176349968672,0.30310280567345704,0.19781726364750957,0.48183542780876387,0.8863411115879908,1.1182232270888084,0.5253979811305372,0.6547187845058827,1.095860118456144,0.7542141700559639,1.6024047673302302,1.15194199975181,0.9524938882487977,0.4736244483889695,0.9070532584024745,1.9823999682847822,0.8239687014087723,1.7916126461578394,0.9003619932363269
2020-05-12,0.8109039981269123,0.755832556596861,1.0784092447379574,1.8364201797040611,1.2443705386778432,0.5611267925578352,1.53330112102919,2.9113375504206505,0.8429541181081197,1.4775716462321062,2.394163734242097,0.3945629920833811,1.230228584921216,0.8404440922561992,0.5150541059002959,0.5479500181270751,1.0062820252583984,0.49890725546180337,0.7935257350094489,0.38944986020897915,1.2457391482242957,0.5181177620345339,1.1248417123732777,0.7001238483922225,1.7418239011112435,1.5624780001763976,1.2282682415397534,0.6856218165110977,1.0140792504388685,0.6670938388977666,0.6312150689428918,1.5225740444779452,1.2980223904354489,1.0585557981111307,0.2296439433831529,0.40489083689173705,1.001531571286246,1.2082684081438302,0.3807777689413245,0.681065564335096,1.1007867034216705,1.0383942053050044,0.8723232128623329,1.2382844876769217,0.8962082729052345,0.6817504291965412,0.9206320992855827,2.1073301924661973,0.4900752999215533,1.8876318249745787,1.223046865113586
2020-05-13,0.8720607699232745,0.8359483930811823,0.7412351771692794,1.4134804419231521,1.4906518837437586,0.44226944317127187,1.5697978723476957,2.137507182305113,0.6557346516483135,1.8957996203861367,1.4648919261065938,1.207236491871158,1.6134774851549185,0.951417260996855,0.624607964517504,0.5660024592817684,1.191007380043295,0.4867860025301534,0.8569050318335816,0.32202696628000926,1.3209608384116522,0.5832075914367145,1.3338288844920818,0.8009402280211392,2.101916170371734,1.9678577747543142,1.4447676429313832,0.6368352052788956,1.6638553506210492,0.784285760477161,0.6826999157785774,1.323000401835816,1.6242796210025476,1.0730562328887212,0.2618615349519171,0.516628278396193,1.1057766932071276,1.3448906494210504,0.38904854312940895,0.4916081874852202,0.697772764019547,0.7037726278420678,0.9865520074151393,1.1932826242378538,1.3930255385309958,0.4653351851466899,0.8895472037345475,2.276986104897827,0.6531238225120015,1.3698179261078196,0.8824187034014188
2020-05-16,1.1570536986405606,1.0702567985792402,0.7276510894318975,1.4315341002070816,1.51118317891936,0.4032175760658354,1.8017154418815085,1.993135045833801,0.5696601457231214,2.0370111135628197,1.459490392130997,1.2261334001965338,0.9665732077897047,1.25502899368521,0.4845621654747954,0.9459364703674679,0.9132614579477941,0.34215713291465544,0.7026764510737368,0.2695815309950085,1.50942202506319,0.44212742999767535,2.0209826284044996,0.6170450459809197,1.145495556629583,1.3794819019891713,1.444683155360109,1.1356972608608449,1.2702009945085613,0.7763337893251638,0.5156585395592811,1.2914812519679983,1.0544743382926554,0.9911578815220594,0.3257125569715982,0.6879210403398803,0.7948904300286079,0.9058835916152422,0.4394647906026196,0.5009953231788249,0.6447361644703616,1.173302853431898,1.302424490347713,1.236841932077506,1.7073461972670676,0.6143984970081481,0.911674628618995,2.062512710439253,0.8612193561595228,1.4192564076722125,0.8983925612380184
2020-05-18,1.1717069028797464,0.6823666366683325,0.7864452656301502,1.55815755833296,1.6561254996035981,0.5527613062196434,1.2343638195227067,2.1472781520348043,0.6343481249886594,1.6218914965423554,1.8062144096549828,1.3070803627638445,1.3385907615625872,1.2009796673426671,0.5210885073040435,0.6113956127502782,0.7055998834263357,0.3634352721683567,1.062743440727339,0.3267864620881584,1.4474664303512232,0.5005372257700158,1.4593995436388612,0.5126344420996855,1.263613716170354,1.3702113328702206,1.7682946926486036,1.1611514331494688,0.6873683474738769,1.0509984820505545,0.48157759571384534,1.079723776502385,1.1460349923447182,0.8757425206725956,0.23223115636423353,0.4298897831737124,0.8701264222866311,1.0189945750958078,0.4611646626222045,0.5244072863420746,1.2238800748132213,1.1854517882820161,1.4927239253691893,1.3669435807389716,1.6125274710311859,0.3654192642469712,0.9015380429177394,1.587409688088745,0.7421765962721688,1.5803087269939402,1.1972282199191495
2020-05-20,1.531979137104134,0.6944215994658035,0.8899647991566332,1.5363470639132426,1.3406752061080596,0.6647347034846152,1.447765920657951,2.4969439797542825,1.2600150114947428,1.7105739312116064,1.9630087031161205,1.3376708379387943,0.977596293870719,1.0522620301855263,1.4943919001696808,0.6926840903609426,0.5197068645209362,0.4611741750781466,1.200795503353672,1.1924426238880144,1.2996454223329155,0.54022335341771,1.8002709770281948,0.4540012584978987,1.3025338311711518,1.8799839509538168,1.0403135695859604,0.8784446193797788,0.9512781485826599,1.3356783841721533,0.5084747799320919,0.6962813641085683,1.1353424407288377,0.8837312263514421,0.284575270131886,0.4989959514339021,1.253318879971442,1.1479515929801825,0.5835255024960304,0.6329965229395745,0.8243291842448567,0.8126371423833785,1.4115529299997942,0.8681892616384618,0.6508535559592064,0.62023213852072,1.9522341377209282,1.6449605152770064,0.75995243742477,1.6288866089212675,1.3444270341839455
2020-05-21,1.1053214866993037,1.286219493955335,1.1964586449276553,1.1200427191956441,1.5425617731635504,0.5064596160977927,1.4313238915288247,1.903481091317302,1.2987678204036806,1.1776707842011742,1.0792966449665296,1.4548979989383988,0.86681705178875,1.1473890666326394,1.5158022621936649,0.7506014244115178,0.5416229790268058,0.4735026253916688,1.5610978760142147,1.1871125617843157,0.8963371003893522,0.7403487919101844,1.8239895432619695,0.5157807821509642,1.3522259902817886,1.6484072127712355,1.4644230729058132,0.8488159497249813,1.0016194507049907,1.446055688949366,0.699480943025544,0.5458912025431691,1.1566598573433893,0.8978286670666793,1.369166952962789,0.5267371030518133,1.2392249220690712,1.253723352413889,0.5507190076971573,0.5350482239587792,1.003587604473553,0.8972907463751985,2.470216678435067,1.0132352502068245,1.2478264462247262,0.43954328154217714,0.8512259651078503,1.6289181703569142,1.0976154650527097,0.8330515459234347,1.6663967272385223
2020-05-22,1.1152120520594724,0.7285409132365598,1.3455502048076378,0.9763058445286925,0.5753340921648036,0.5531749496822893,1.4963412608861753,1.1806885879674862,1.536122662968958,1.1349994939783496,1.4127415398048064,1.1865259022395431,0.6644298410656382,1.2063473693347264,1.039814601177915,1.1022651017926228,0.499429488930963,0.7094974420866357,1.5433534992691045,0.7767207574523873,1.111657725128633,0.6037135310928657,1.1573317468251463,0.2887468558400427,1.5910686889944603,0.8233395512395707,1.6215820251299429,0.8088083706383896,1.041236483673985,1.6230955951293642,0.5518220707164566,0.5983596789828854,1.4493329223540774,0.8088789220816199,1.3586791689184419,0.5670323689808229,0.7384532165109843,0.8491157764238506,0.3890797552375844,1.4384338405660964,1.081497278227921,1.7059596153813714,1.1349587497344535,0.7535043487905749,1.1711981714769029,0.4193331469857213,0.6900580560547777,1.511031736103185,1.1374823844531459,1.2247252786762015,1.0858112808152118
2020-05-23,1.1544122743878382,0.8932512128920207,1.3540533285121823,0.7606759063927228,0.4856609487259494,0.7535275244463391,1.538891744104909,1.934422808573216,1.7572711927660642,1.0064994361271986,1.373454215649346,1.1550558947450595,0.40303476816492817,1.257293913788862,1.4157843482414723,1.0455117068061799,0.2298661248949583,0.46713242384865583,0.9020802099022743,1.001926240111605,1.109694242306849,0.5160944713816672,1.4694435833329695,0.27529824994454455,1.0628005543884134,0.9837494081198094,1.3381865717682435,1.449106617344565,0.761354889345231,2.0127193347431476,0.4992160965940044,0.44519563305143683,1.0156918405344946,0.9447717946517256,1.1836400059218963,0.8163249007936894,1.0867174856765847,0.8519349386167954,1.2760768071633681,1.4747453873698473,1.5469855055983386,0.8804971420090094,1.414730597992446,0.5029412049477908,1.2838411800285483,0.4311079115696082,0.5120116858199717,1.2940262711406958,1.1468108418606735,1.3275164863611506,1.1501729713974473
2020-05-24,1.4639391605038927,0.9513506021681147,0.9319907156305752,0.8580619453757361,0.4265928684159365,0.4885804783080589,1.5574560777031852,2.136400644875621,0.9950610844969122,0.9221813060687588,1.4993650803569487,1.2724456919259588,0.3179094697701177,1.5090374025882687,1.402696024091541,0.8333582051854592,0.3312390821948421,0.492907753778598,1.1765795213184316,1.0500911673873332,0.9358724703123188,0.4282628328553707,1.4416111950484,0.23607059406009015,1.2063360364004747,1.0065859244828823,1.4053843650642963,1.551813636280095,0.48206544931832923,1.1989983279637033,0.757955428308832,0.39923610129356285,1.3027063043464024,1.1420758162975295,1.2190522363882397,0.7728506849376054,1.7013843505395756,0.6089945229264271,1.345934545909669,1.5690821421048735,0.8374160420788541,0.9776410063096749,2.0808724281080124,0.60903025139516,1.4423959024294652,1.0238023397136145,0.5806095556594232,1.467092377675328,1.32659507896264,1.4723687594113821,1.3199655607591114
2020-05-25,0.7878580541824565,0.8542006313327165,1.2152593103926865,0.7329745225945592,0.2599485427966392,0.5702868878882982,0.9897313029102471,2.1087052717252455,1.1815341898076466,0.886725266185363,1.2971539876625746,1.3576988526433182,0.335570289532426,0.9050052806145864,1.4203740953983364,0.7619760216953926,0.39887896363202374,0.5451516866531376,1.0916451184765745,0.7833628058675481,0.8545905147692437,0.5024165528750841,1.7290121591352923,0.2626342157511423,1.0414466772570852,0.9034691373617687,0.9480169327947756,1.6362790624127779,0.4721680131302505,1.2119368500561114,0.7811443580235847,0.35494611899360096,1.6114423705727747,0.48379036196439346,1.21122778623144,0.6689597338390688,1.709781361436414,0.5280503496178477,1.324567686975947,1.6712155369209662,1.286148993859373,0.9598862959795849,1.1224071210059328,0.31654744145712954,1.4659253086974322,0.7919159353782416,0.3549421524115903,0.7014653698193886,1.593329791667329,0.7401231068377379,1.3281820897342724
2020-05-26,0.5894711201051018,0.7957983157431779,1.2839910370406902,0.3694285751508629,0.3207636688801798,1.347756846625864,1.3501932225676574,0.3036383794638678,1.1523351190826943,0.6739226021255178,1.1128949511603867,1.296525329528457,0.3299121719311325,1.0700717967005604,1.530558530099538,0.7976282863565725,0.32760523572350614,0.9137357196785467,0.9764223905624126,0.7000654240131772,0.48943025864664563,1.043743981193602,1.09964145585598,0.2846338169011838,0.7951555074129335,0.6371167234365365,0.7651254802909507,1.9450620622478392,0.38444458298462103,1.4928230461381626,0.9682916565874772,0.20627530130642405,0.3628950295113652,0.2671987638019619,0.6039366716384563,0.5556723123555891,0.9590621579134859,0.23902842353853984,0.9516343483856777,1.8302677346449656,0.8322171702626102,1.2365122474485526,1.2102587317552522,0.26696283108430463,1.1297386235590008,0.9891987609127219,0.32004415098231564,0.5893680262198415,1.02577266412509,0.7325898924284694,0.6157022059925527
2020-02-24,0.7725435353295093,0.5373673714023638,1.5339659268755472,0.43969980899651534,0.29969150318154486,1.107751299048325,0.8130958222646251,0.4065369670498386,1.2789296202451237,0.5964817848965024,0.6960138955597656,0.9726032135956595,0.40122720389021993,1.0588311270668558,1.009020807065867,1.0960150674657476,0.33133875404871377,0.9820157795768748,1.111122553897321,0.5263743323912495,0.2772146858015621,1.5013515392364338,0.5823604496998257,0.30920271227502444,0.4949789994015102,0.7390254354599449,0.913769292295891,2.1100214480987605,0.19425117040210899,1.73700469335838,0.9697041468760799,0.2014016724185299,0.4100029811863934,0.14128183214189455,1.136793708094285,0.9778727116156324,1.1306092664903251,0.33082459871668063,1.134734442527557,1.1608149881304115,0.9221582798653482,0.8197890787469712,1.2082383231321567,0.33652737728325,0.9649946009069732,0.913753201685427,0.22043745752954944,0.29317605148856696,0.8462401913044977,0.3990645030841766,0.6192965175229794
2020-02-26,0.5281714325434451,0.11937449779684661,0.8574363525795903,0.42651926574078763,0.31221247715522327,1.09941030154643,0.6591126934019678,0.3878892751565656,0.8765099779215683,0.422680845110802,0.3766267038903987,1.07694024563926,0.2928661590987413,1.0910738163331781,1.3496643745773174,1.0966806991193143,0.3245076126894823,1.007612641117367,1.1643286324869002,0.3877509059004846,0.3284973888463159,1.0170646222556583,0.5205134183571084,0.1542979656984271,0.39036582713357426,0.6237386989853899,0.6956344529174413,1.330349972801569,0.322724094508751,1.0092055991485862,0.963484809791379,0.2550826908720585,0.40317630236489493,0.16477311123265875,0.40161524981956664,0.9925561420810513,1.2106078234081332,0.3823255592261192,1.1670314715802361,1.33346597669348,1.0277136589205729,0.8994303835897852,1.3060151512818152,0.2653435267616078,0.7005024513844682,1.022587336631375,0.3190457067997342,0.45461973875014755,1.1645143244332685,0.3217040146744795,0.49931369579979623
2020-02-27,0.47778713126512173,0.3310446348442351,1.1742028207389879,0.4007275990344014,0.3372269763810152,1.3380751939674898,0.5116730590093417,0.30851541030760504,0.8318489004456223,0.25555509886779537,0.37695216741217064,0.7279866837502528,0.2666892389120549,1.3817673232053147,1.441094767133209,1.2789190024640187,0.3883104061655889,0.8969300132545116,1.2550390626535386,0.3389007925493759,0.28527359606460034,1.1414426256169503,0.5645983129709121,0.1353471333057763,0.24050631415462206,0.5420559353092601,0.5678228620582597,1.4164700647490494,0.3161148884300272,0.827736060159617,0.8065845125704053,0.29308852157032966,0.45693107984997705,0.167000605776315,0.4424230258786415,0.9661501313985337,1.0531244104503026,0.30999532135508506,0.7722354539780975,1.5102391565476287,0.8931536808544226,0.9341066100634344,1.0192240214437258,0.2716567511324824,0.5155349574086381,0.9865991324188822,0.31875092804106686,0.3894240382889791,0.8154254248295023,0.3759470162816549,0.4580765291198642
2020-02-28,0.2813593763735328,0.17226781047123438,1.0846517539678626,0.2966918857552029,0.2881376827337474,1.5122149522467685,0.48492380445992334,0.13345141987090928,0.6796030061437637,0.3249990306454787,0.2816158839832307,0.5813593777931697,0.27599570932549095,0.716093283797491,0.9771293121472909,1.5040480438945962,0.2881001015522125,0.9077937791463104,0.6642303679617261,0.2983538989121777,0.3526089898633608,1.2983732909575247,0.453193292714771,0.13549416636663889,0.32394655368553243,0.37294837072737114,0.5414325656879282,1.4062732274135985,0.3269510392717321,0.6482330083480531,0.5420217966539561,0.23451256796252407,0.337752352072758,0.1874022637223682,0.4007103398110399,1.2165221584676336,1.106043745965139,0.3208419284364148,1.1526334394052657,1.1958684155095949,0.416896046614575,0.6670596509692213,0.9555463840824204,0.3058764034738493,0.39783239330333603,0.5330949186599524,0.301834430890473,0.4464921186875669,0.6148533654840256,0.28287168174066685,0.41102128059815685
2020-03-01,0.38477624181930964,0.20616073205239815,0.7173965050302514,0.29488361981878985,0.17024449666385227,1.1265112911845494,0.4334654174489084,0.20934034935194518,0.5806184551951599,0.3712465581744882,0.28470327477852475,0.3608947862734244,0.27166047076471944,0.923457183553167,0.6448185800095295,1.0006061464718574,0.22481543596919248,0.639603525833943,0.49050019032489783,0.25542938322561226,0.28301882732969397,0.9385087320494919,0.28012328393457286,0.14826327452716992,0.3039022067393817,0.19418876241682695,0.6476032686477301,1.66561318660843,0.3175802656654823,0.5062543860210625,0.43435280823620803,0.1421365529697103,0.24568462738064012,0.1333616287704962,0.2883677639047354,0.7874128413612187,1.1966926935489683,0.32642245151982446,0.8273490220043059,1.266219493450378,0.24130096284722063,0.7531088768913421,0.7035945155963661,0.2873305074009546,0.29383427447576616,0.4125242073194211,0.2621629153692379,0.39650377156297717,0.3825699134412585,0.24036235465923234,0.4699747080364784
2020-03-05,0.46119841761731695,0.20144799617565437,0.5479388663353951,0.27991362607467807,0.17567384780694553,1.197380210175229,0.2761316906880698,0.19726049252404415,0.6738794558583905,0.3693632863626947,0.40016827418537626,0.42768776161880984,0.33620570748887796,0.8155496345238817,0.6606867204401994,1.1381842752646072,0.2542110820544156,0.47413347367148057,0.4311386099353836,0.15793896886203512,0.23111799080400805,0.9974894096018286,0.5654926847303103,0.16880080964838495,0.3327235761110256,0.2672023965118971,0.757032777928132,1.2056258696705036,0.1875179524730178,0.3612204820571943,0.408584167575759,0.16316302756080656,0.2647218708009376,0.10016218007406348,0.23464953436963662,0.46116919654449917,0.8826053451528092,0.35356286042817336,0.7223297958293238,0.9438744954713392,0.29386204239455327,0.24249513829505517,0.5897309430369753,0.20598648593530242,0.2957588318789577,0.43635739181747507,0.2599187932064832,0.3299167871123237,0.2108821247814673,0.22303398655706347,0.48400931885341464
2020-03-06,0.4458254449064221,0.2491259323876567,0.5968936442976189,0.22016307177648184,0.17840302607167374,1.330825154140176,0.30771304714500797,0.0985757647926583,0.42380893275878423,0.3857294441152374,0.37257816156458057,0.2812375702507051,0.23630583835675756,0.7763944553339192,0.47623100966374865,1.3847495410308062,0.25724616292007924,0.3903081748192483,0.14997432405759886,0.18915731211067477,0.28476366501692923,0.8427506062521377,0.34238163987388237,0.1323049935732344,0.3389427471189539,0.3816187993139119,0.4115389596794683,1.3048005443049129,0.16738016564747651,0.38734103779448864,0.2629399945151242,0.16221236677225975,0.3008069000501029,0.10548329989231853,0.14930956868429104,0.39313894600227384,0.6586844366498629,0.3011332256588933,0.5157052338287516,0.42226558274839315,0.3098351991602127,0.36223391336467065,0.35989687456667707,0.17599135684510364,0.5070540628825807,0.18743080310800297,0.12132851012926897,0.2423339316053723,0.2376263990754705,0.23223486838985685,0.5117359051825269
2020-03-08,0.41147847981935387,0.35760198488442213,0.5280428498119935,0.2009435221791744,0.17803005827157448,0.7525077931600967,0.2987729367438281,0.0758869316932192,0.25403110037349036,0.34416745974516516,0.23753441933113825,0.25185656341800877,0.23679401971119104,0.2827714082926342,0.38689600688055276,0.86701871643184,0.25363349015615433,0.3465308864852488,0.22816334893517093,0.22270769878574562,0.13609487011913765,0.7591124053588456,0.2159367407010242,0.1240247768169003,0.2859906366156498,0.349590953166256,0.27315228466381974,1.0863616459860355,0.1416887826480905,0.39485135452458825,0.31646790168461153,0.1691653204853484,0.2167285271321405,0.12614094071554482,0.11045158262362643,0.35916322955284163,0.4779371087098628,0.17805934272083426,0.3412733555813933,0.2510429297673333,0.3159729852287808,0.23386568769295352,0.21145158680983753,0.2077543613272617,0.46382701116382125,0.24109298885417596,0.1134905368551629,0.2474598125688718,0.2525536578305282,0.31166281782998717,0.5069726026122982
2020-03-10,0.4080279090139825,0.2673740301907508,0.4909280169178596,0.253956660953341,0.21284670858863308,0.47593111174131775,0.34361564205796974,0.06259999023595383,0.32230623700024197,0.24595659334951442,0.2338597098017666,0.2016986592985007,0.37381969129978526,0.33844925605560966,0.35132755843041097,1.0285170811837985,0.22157253216910197,0.2509314841238994,0.30380851719910484,0.1047331124990321,0.15808897882720652,0.7304296919536858,0.20009984445159862,0.13215813079855337,0.34530652574408854,0.36263816422147205,0.36356747333069656,0.666623801740186,0.20975423821763536,0.45483578299172234,0.30616219734637123,0.18851741667488642,0.2129044290652781,0.11010301440707392,0.07442224630654899,0.2857293995112394,0.25572775191078523,0.19840660090767004,0.19024306960732376,0.29978765676680386,0.37876850887387087,0.23536403482646195,0.36271769427997314,0.20601367117860553,0.5521336529493169,0.31498513182251775,0.10720127091875684,0.24788016760039486,0.1713657726218773,0.26302018356527757,0.4130502190695428
2020-03-13,0.28024817560569737,0.1704390447587876,0.48845498523522307,0.31606939118626,0.1332881500857605,0.1973388575605801,0.3598333354975263,0.06578954334256071,0.3814649831392329,0.2037955841182523,0.2687958696248126,0.1659688206637219,0.38561549265399403,0.4301094843271162,0.19553462024452037,0.812333881883671,0.2828734812364775,0.1958913345169977,0.263738767883084,0.10453116675616737,0.1733564717089075,0.6134367480490321,0.17304087151532643,0.20196160312759148,0.23072698328300006,0.39181685834658303,0.2612900909742412,0.7658151591797747,0.16829480397720556,0.33967142653094884,0.2535606210173163,0.1534175139220329,0.29360363459740146,0.09109336022549291,0.07809274087538078,0.24114010908992847,0.36501918653554605,0.20785532454088698,0.2216650373900068,0.3072586659379821,0.2492845214662501,0.18853395210192808,0.4020643130418559,0.27156722324862526,0.4965609733078291,0.2982413707837945,0.10396831349624829,0.30142249833219636,0.19669087026124596,0.18234295978324566,0.23973866274119257
2020-03-14,0.18169370934934173,0.28941071638012666,0.3387118393972097,0.34349681968719425,0.09533596848805627,0.24239823697759844,0.24750334709532265,0.04132294147512393,0.3280651010747511,0.23475939415316935,0.2960064910130112,0.15553113586911022,0.1142247753881566,0.35423586412907393,0.16210515647184656,0.5693984209280047,0.26312357463486624,0.2464174415778774,0.19725408840154135,0.10206948153227952,0.21777051045476545,0.4559035978779112,0.23078735063429173,0.12300161704307669,0.2778427830518265,0.3215821045881815,0.3244861153511296,0.6979086636034618,0.18496625143516335,0.2669604589725268,0.2750129541446861,0.14718238334485348,0.1442166912744319,0.08043119337566737,0.08009587347033098,0.16158543083926857,0.2685104311961007,0.1728682732983522,0.22392195425515904,0.31496279723783005,0.24935929298239629,0.21300931944426807,0.3049584235943691,0.195805885838359,0.2455268424162997,0.21001046535386367,0.12496813866802944,0.2119943570103181,0.22622606838155998,0.3121571110007318,0.33699195612231714
2020-03-17,0.21236709844954257,0.21245432730469585,0.42554297308007677,0.220950221222559,0.15658708950583877,0.15122618941353583,0.17638705763554724,0.052097942843643254,0.38539024662398086,0.11962186395447086,0.12129541092330841,0.17200649154608633,0.23073819198461504,0.36996128379915183,0.2435529906787419,0.486244695722992,0.38341776250753234,0.2879567946646771,0.19651279945011152,0.10298546428647723,0.15492014274777557,0.3196607092034038,0.15936328784730652,0.15038606298419988,0.27256591595721263,0.401205129661218,0.14390187298606988,0.423144204604413,0.23120030640666328,0.27596695327009524,0.33225275439817636,0.08837453790912213,0.23900005768916674,0.10590016665171693,0.07509183035157539,0.16748974003392916,0.2694588873842169,0.18962988226168093,0.2584886734768904,0.33864874558092667,0.24708290712225922,0.22090869680612116,0.28855245694993276,0.24176079826255728,0.29691442440159593,0.2032091010637874,0.13622135133303087,0.34502018503811177,0.18136207798682763,0.2127593382007762,0.31371552751649684
2020-03-20,0.19492578756896758,0.22333986163285946,0.36694954409071084,0.240843381720017,0.1740698574673886,0.16268886029340762,0.186234825144323,0.06662176665463765,0.314175916162975,0.2266049235722329,0.2929831759489674,0.18486837596057587,0.23528072455472954,0.2427198759537749,0.2701364347773111,0.36613038192775976,0.24029033108083914,0.27735365174602505,0.23013136316799282,0.10033910005874111,0.25127377764364606,0.39705228823397415,0.17800890272404643,0.19503254546412413,0.3780385519363215,0.3876406005399495,0.2833877814833515,0.2690934557765681,0.1618218118327498,0.31032049848420973,0.17148926664337344,0.09495545024422898,0.28839890609370455,0.12080740835604657,0.09504311427116674,0.19245556679193204,0.2415918738572524,0.28211754326576144,0.3036059618143533,0.3531652235296796,0.25965659499264476,0.27518788467025773,0.3113679952776111,0.2903210141603417,0.2930007005395398,0.15907678759450328,0.14959194954163313,0.35305535390910364,0.1931573774212154,0.2972603895510057,0.2339608606874969
2020-03-21,0.20263423083837073,0.2762397977735278,0.29596429425826415,0.2823677013261682,0.19181825104495365,0.18012898879050193,0.19503635177042764,0.06186702291522551,0.21423819261850394,0.3073817445827591,0.42613281457010843,0.1894421182441132,0.28255131689931723,0.24003686614803768,0.26197919374141876,0.23193270367284344,0.27529770606027304,0.202199463489283,0.288085590439143,0.12165096087957271,0.10543903357714146,0.30160094919082536,0.20514846899909747,0.2202410005069355,0.13884934729844023,0.4406766743910645,0.45097943241229305,0.3458721356058646,0.19831861226491465,0.43135118703397984,0.1423906428764756,0.1622749444876522,0.3287307139818941,0.1282340914982249,0.06881939932349788,0.2313794640792167,0.23614239141553708,0.1418141088797502,0.23227839359110602,0.23153837833529733,0.30273963156670414,0.06524748877188669,0.33192911463954805,0.3173742422372364,0.15129986611714996,0.16809196512548752,0.09895722578832225,0.17422327260414155,0.1924601871916379,0.2855120108266223,0.2551587744701123
2020-03-22,0.1445558134226891,0.33709907772770686,0.35178877781545065,0.3327485757947995,0.19003749083683602,0.15223736069679775,0.2245726012827793,0.06255990608560151,0.21233360630492687,0.2940831547210657,0.44318004086019536,0.21764701694731464,0.3478796865860237,0.16561353369724632,0.3078992050905444,0.2542741252339431,0.33255823699516024,0.23066563663834808,0.21810019419672075,0.14118023996061355,0.142406567312103,0.15744371785223335,0.22437917415689929,0.1685109815746536,0.32659643428861757,0.19074861877444146,0.3985250476802603,0.4201251921362064,0.2352824210615989,0.1075024429879522,0.31356514978143346,0.16811444602593084,0.23980234388599528,0.09781106102364412,0.09218546417864242,0.15899123821067732,0.27768565036855775,0.21602767467158035,0.14588858888849857,0.16347762246426245,0.2291900649344103,0.16941513542077072,0.21576073198833587,0.32780535936818955,0.26214591127530185,0.25415358063929083,0.11753045202784004,0.2557681366442143,0.2631045775082058,0.32541696595545877,0.3614259923554182
2020-03-23,0.19769009601437731,0.3342789045036439,0.39113397897768665,0.2513835989497807,0.21480776132275173,0.15787698912479722,0.18440875988058683,0.04490760977806095,0.23237052711820716,0.22431043542409945,0.3834650068705899,0.1627518916814919,0.4216382939446003,0.233703266949233,0.2889058633595989,0.39410623118176785,0.28208078453325447,0.16165890241617475,0.17582916154974196,0.06987452699530564,0.17707502428040087,0.21782363054654533,0.2569848661082348,0.14836520333830508,0.31349846475832027,0.25849386441684685,0.645577631479459,0.42129644011358214,0.16433384377205876,0.25274610159241206,0.11739533480096608,0.1675987338821051,0.25198776604598544,0.17478180857252873,0.04855138275257745,0.20011204241431135,0.27125825875717907,0.24546527903219,0.15733495372770573,0.15460800470282718,0.26275965987357996,0.18617979963967943,0.2541742159455896,0.370512239783417,0.3005170024352052,0.2049581267739308,0.1353432987112204,0.27186325783336307,0.16121173788849505,0.29080662839283744,0.34185013299600525
2020-03-26,0.18332794918457143,0.28046459889404524,0.4534175766457457,0.23251914823987607,0.16169471216439546,0.1668596642968328,0.17662433540744016,0.05025216315837166,0.2742985239238414,0.2462672387929075,0.43392359135567043,0.17342917741062402,0.2680396380025702,0.22368270994785425,0.18225592737947027,0.27176112399648483,0.41019817569902206,0.18371541300212038,0.2022424207046319,0.11159389733501486,0.2248634730896501,0.15859272927061377,0.19185167884127158,0.30301014077887867,0.36491152828483336,0.2404314073980698,0.7742323833752673,0.49808720059490463,0.1892204604627481,0.31233817355740223,0.18417723851703816,0.18463817966070073,0.43441071696651135,0.21078945855442835,0.08532344845121237,0.18764255106704464,0.3439012356344675,0.2528009158665626,0.13855602858906382,0.22064534702787736,0.3024928559991028,0.2856092219953772,0.3889094697348707,0.4476496216341312,0.42455480490017505,0.21183971478755023,0.12764927892167224,0.31607812650761186,0.25234849759969785,0.3865621539553388,0.2368475615245707
2020-03-27,0.24535028778364268,0.44168684194005814,0.31826896285170625,0.37259694036796637,0.28958029949943426,0.21644623893424855,0.26758351087416665,0.06975596545837706,0.23913160902972072,0.38477992669948236,0.4677458748182987,0.20384783027020525,0.44279182729067357,0.2743207074651813,0.24528032142578277,0.32650958509977435,0.4101723507454606,0.1491195153659539,0.3110102170245205,0.1280117140646839,0.1947970906929525,0.14388231120729736,0.22554746084270852,0.3717744494954267,0.44375912643205995,0.287757153530847,0.7250112506422614,0.299138134201229,0.4235280756178482,0.36351542944163806,0.17504522256309585,0.2255183498480796,0.5182020620508044,0.23981843735028863,0.07925492400570837,0.09575197712032965,0.13751034705865758,0.2581889611995754,0.15936565012978035,0.1089224464751982,0.3763525921842822,0.21455882491496978,0.38217859196753345,0.46632635488550256,0.25313969680506543,0.3295729537917759,0.1357370247191901,0.3199476109272454,0.37056665352531337,0.43376282527792365,0.3038846613043239
2020-04-03,0.2834196339096847,0.39239839299238183,0.309397300721871,0.4416957623307553,0.3591431839463881,0.1523816060443759,0.21133808770570459,0.0424013959965081,0.19295890799081683,0.4327886925863293,0.2798519984216673,0.20658843609272246,0.4518769543883656,0.365921444950533,0.17389780096837998,0.29133476896953464,0.4601597913975004,0.16370092377510703,0.3104871154836744,0.09720125858039125,0.3430479302015855,0.1764352305938864,0.3864437072466059,0.3942041686537342,0.31088923226178816,0.4430643841505693,0.5991107459227808,0.2449080719432878,0.3822129473354952,0.4686429124897814,0.21756106492185665,0.31993334243700416,0.5694942802427783,0.2326119913395892,0.07193665262541452,0.2825089574903366,0.3318248575911396,0.2104471963240208,0.20098171086161307,0.18967408329907312,0.20951472507969676,0.42723468613487015,0.10434033597995772,0.33882769914345745,0.3991483766019137,0.31509913386754135,0.19639396595936484,0.36117762742048704,0.36921272021938406,0.33073080864846,0.2562967416818023
2020-04-04,0.18762035308333788,0.27662415671089874,0.4050355481313173,0.4288664800557488,0.41961643314286634,0.12737646441296663,0.20461607350963998,0.037881430852016736,0.20925363051061632,0.4686685185314374,0.33908826426306393,0.23485220652699998,0.6327351480672259,0.37966463987478954,0.26697073109526515,0.24534649989340984,0.4501360699547832,0.20006431030070615,0.2967337058775078,0.1107935290424372,0.413677961165473,0.23799084786211003,0.38780391202846665,0.2701718307972321,0.4295998832800239,0.3903821695808198,0.6626057154430708,0.2574126185632508,0.45117673709740164,0.29996319097118057,0.2514218431804442,0.314409704237524,0.4564883659975893,0.18037207693133925,0.08922356403757534,0.1899651211434814,0.32872986024952855,0.3811721215846969,0.22252842085153576,0.17800437814700484,0.3668544193362029,0.5021705531971349,0.28777300497566627,0.2050722622701377,0.4457758060429979,0.38486043550764476,0.2531351124459196,0.33566701595297593,0.4466070568981472,0.42260096518530704,0.48150584457962387
2020-04-08,0.5686081877470103,0.31986104900460516,0.459822462408515,0.5253650562712716,0.4174005187007871,0.21451054035420483,0.27986172519421926,0.20490104730450398,0.317369558170566,0.33063734222618546,0.33257958747177796,0.14282901666783818,0.3931796918199374,0.3691373836147144,0.1696748962074288,0.23889333890688794,0.4300558161701135,0.15661391865282245,0.34076633281944374,0.16490531554733506,0.305192640226474,0.07144450286317047,0.4530800309110531,0.2689366967851669,0.5742950299010815,0.4484915829672815,0.4723670555029956,0.3405447310166486,0.34836976512519335,0.485612743725376,0.30359421214906934,0.2547126838846135,0.3611656116697087,0.18411868679769042,0.12916890447536666,0.2786954900510685,0.40986265593885746,0.3815680927316048,0.08312347016591923,0.3357346612849385,0.36048131429935304,0.4960650465611725,0.35528471889512897,0.2351382618087964,0.18940160437313538,0.29170531880436834,0.20482509746876004,0.26470584117206647,0.5085130797534148,0.29876728717821827,0.5282379879792237
2020-04-11,0.42381926398868097,0.3147563310557756,0.47101005771754323,0.38948491494096005,0.31908433167122136,0.17722561626583117,0.35797777008214526,0.09821749448035198,0.33765527875264073,0.3746842107134106,0.5530030322144182,0.1829378420152059,0.5160570856486517,0.5163549654609347,0.1776311839464199,0.3217634276078624,0.43016507416596617,0.19980322266693976,0.3130086162791627,0.2163340097568941,0.32648543986881806,0.1444575771536681,0.37349567424376484,0.2043138722369834,0.47993968601932896,0.47201754363831216,0.8370866257659704,0.29668527983591686,0.2793057974191409,0.49484478117041747,0.36504869573942056,0.2360624404603464,0.35961773306331263,0.19549285704589858,0.1875688908077418,0.41630891035765843,0.35361691288461716,0.39710782809466605,0.1185734761762857,0.35658455263128397,0.5181305346091407,0.4116082934685203,0.43031189021719146,0.23882395574484083,0.4626625874949998,0.16776946857120387,0.2409419383331918,0.26344201870644574,0.31608862999718096,0.31912636720090964,0.6857240837938218
2020-04-15,0.3743339025216586,0.2910278487727116,0.4990099007298429,0.27456777530117593,0.3084351618032395,0.4028498979874489,0.33206836394493533,0.1336687013798576,0.39875406952344433,0.37530725691038086,0.890538221327177,0.18774930600977358,0.6410463485720471,0.33524970379831975,0.20262536958134386,0.24546068199285115,0.3092892350545777,0.2632475578397884,0.3595423244073118,0.2398186021649864,0.2266899598510698,0.17564004462698737,0.3618482633067444,0.21874545584700633,0.44247521923919886,0.5938173144802726,1.0708924492256797,0.14236537147888664,0.2859056036142643,0.4488591017579041,0.48300841511673326,0.16217787450334267,0.4253118144042283,0.12307718436611247,0.1852917794112505,0.4542048357502689,0.4639033239054336,0.3953948560072867,0.15196359590469086,0.45116601664624756,0.3626549898284206,0.3962703261346579,0.45501029161747775,0.33751329417325543,0.5180710472412497,0.23244902916149682,0.2402849128077198,0.44772365577138673,0.3120678839415935,0.279301693596198,0.4813028406557877
2020-04-16,0.5065055154992724,0.3227874874556422,0.46435766472788237,0.39059178883148266,0.22382969092557717,0.32229788885707755,0.4991360368166233,0.1414188070110291,0.5310790660218346,0.22052488918347402,1.0196419260253426,0.22270026342785365,0.7288362706016035,0.9338020269986581,0.21298294173495405,0.2596070315737986,0.7213889632173626,0.2572317881354302,0.45568778135463406,0.23513697076530715,0.34906078337462443,0.19546545851366717,0.45613850400438954,0.29565478648092247,0.4460809225755701,0.49123857693923145,1.1405445060844386,0.34510549960416304,0.27101021821459753,0.29362934677598024,0.2525909987669033,0.25219940600682866,0.5444551616487161,0.12601291745608315,0.2138579315959278,0.29285844045407794,0.45471726570248694,0.28806886639453566,0.1698435105256948,0.259805985101847,0.27561810735871217,0.4603134245328918,0.26556452245945145,0.43037969320832276,0.5019520584679681,0.33484283819890387,0.3303530031824393,0.48433919503553313,0.27857972185202373,0.35432150426705356,0.3994179484918837
2020-04-18,0.8350257487599915,0.44893437707257144,0.4935550720526912,0.5830082509339342,0.2870730386015274,0.3184176404880974,0.47820734200912846,0.11484607361236761,0.303244406700678,0.2455164757610828,1.4262013163060245,0.1599319822149424,0.74938226185755,1.539388168572952,0.3031121497689857,0.37034589179838845,0.953758713480439,0.36057779079179236,0.3497356097223014,0.1932663803780069,0.48389898531044273,0.32768243922936047,0.5723790188531662,0.42081087506720444,0.43830358510956835,0.4878473162341745,1.4397555047416049,0.47171948790666324,0.3520354491836043,0.46245226849254767,0.30631642645678936,0.2997404752827121,0.6969259622254241,0.11839910623224642,0.1706054875331433,0.3181093102997816,0.2725680461375203,0.5368815528147491,0.20947210841209082,0.22980350486424975,0.47072062854779756,0.9514116967152952,0.3385606799947818,0.57484550984251,0.3028375553382163,0.4427288866765985,0.25489594115487074,0.4982228898792891,0.4038893584202498,0.6645060316682894,0.41447923937368714
2020-04-19,0.8208018681461337,0.6813951755351939,0.2908243758663088,0.6160626901271989,0.3960558266053623,0.33609786056598995,0.526344584087502,0.08894640175000196,0.27288782905230247,0.2885626295518824,0.6743178988382366,0.17638542874427232,1.3041691306568313,0.9010490085364194,0.3634762584854186,0.24201746092578438,1.1814850019172536,0.3209858649649207,0.36795621908654697,0.13577549261149316,0.6277694338031009,0.3845692970255474,0.6619547783552914,0.4653595435281098,0.5014977959298305,0.31808466665065566,1.5928893241218143,0.5205657163570142,0.44421100988589535,0.7349694764585257,0.2246426698597407,0.3717737596883249,0.729012195507137,0.2792871975030371,0.14277648176971494,0.3013646719265931,0.42167136644468056,0.6516503096422572,0.23262304011824889,0.25230282177098595,0.6470284956787223,1.1468691391743469,0.6102178202265048,0.6364321523442655,0.3241831921496923,0.5213489295778392,0.21822164851364867,0.49473841212951053,0.5349098860429351,0.7226088240616994,0.6066437763421485
2020-04-21,0.9859242158566083,0.8590565709220387,0.3423570393830605,0.6312587580251495,0.5052164365123611,0.4973590164521989,0.5183718347181473,0.16846664267060543,0.2741064762045592,0.4323676853421592,0.9142519405870593,0.17502305297040202,0.6612683170863402,0.7263899565320082,0.3334994734384431,0.37511173167045914,0.787159354658819,0.2769209307950576,0.4398821315843331,0.14845083331275358,0.44749340826879164,0.3154041707399027,0.649851331571405,0.4752374832778696,0.822871711888179,1.5969819204027778,1.0410164228249414,0.6681152170526206,0.6582810277671707,0.978885997915017,0.25513066220897673,0.4100246754645291,0.7610436110881539,0.2850199402679496,0.10723214887887118,0.20475809759680577,0.8238387617080938,0.695852274981765,0.3451040345190075,0.32302706345553284,0.7541968085298725,0.7635942668664085,0.39979892895252805,0.6485161473869042,0.3110596391364369,0.423296410018675,0.19455504281034747,0.35712319111574864,0.5980489954081037,0.6620909968623484,0.7998194150531548
2020-04-27,0.6740536257052484,0.5681680031521193,0.31926954375594685,0.6373549343690008,0.6169154851701993,0.6361430831143916,0.39861694891997124,0.178483382004891,0.5698567273566288,0.8109268172838009,1.1994449628245958,0.13424497093127477,0.571364783039541,0.7542692762624058,0.2865834597613288,0.397044975363922,0.6097729536258837,0.25877348806660316,0.5414208763536369,0.28641098627395967,0.3794449562503566,0.2500206799504307,0.7186106504586577,0.4427741052903403,1.42317574533615,0.7942560385159109,0.9530719322358906,0.49831447899365033,0.8065261109707481,1.1965219065618249,0.42610744731099903,0.3893063914265921,0.6836698414314859,0.2918914839093088,0.11676016896856854,0.22410862284571262,0.8624017689723297,0.8621933820955522,0.3786493281466532,0.6701921093811338,1.2474923128575115,0.6433141490075872,0.28539303437859953,0.46708751070415366,0.6792405489818905,0.3931632219563049,0.23675992867791343,0.8945043343669193,0.6229069076328734,0.671672843014714,1.2241311872103275
2020-04-28,1.1043840682269226,0.7040809907731385,0.8074671766012806,0.5244991825915751,0.3214173506366948,0.7920863471486477,0.41268320803949804,0.19651417267085639,0.47183253167932715,0.5916503038807981,1.051313527801962,0.2157435985692441,0.7230014236988282,0.7006652152499847,0.21946996065040394,0.41163283684078217,0.525836869491009,0.17701893808217237,0.61546122714799,0.3343773040322474,0.35043454322161677,0.3314073808596231,0.9436730224263227,0.3524690687670762,0.8756604842095728,0.8182011933644172,0.8292554553870649,0.5156495401954048,0.6281676889383517,0.82476314786791,0.5498402745064321,0.5677619756888445,0.6036193841452852,0.266128825794841,0.25972313798879554,0.37676180445275786,1.1196316336614984,0.9270983952046639,0.2414682923639773,0.3698423004642011,0.6658971248191882,0.5438840994868617,0.34103040727737155,0.5094249464643145,0.8541296819523339,0.3432260390193477,0.30813609594611324,1.2487231391948443,0.969095317201516,0.5810818974282325,0.6365927234646673
2020-04-29,1.0164246378043489,0.5733719192626163,1.207669786974726,0.9067037546692492,0.40996877213313004,0.43103141849811755,0.5335811927216435,0.14017166357612798,0.4202621278893616,0.6837890390653147,0.7116609354554696,0.33860123440914536,1.0552367727863594,0.8516625662458875,0.5148906022630706,0.37841987096773916,0.5436956990648971,0.20244052579436433,0.7157955857125098,0.21302105804171925,0.3706169108256374,0.4704919004460998,0.5813451164191961,0.6006538493929886,0.6183100626504294,1.0295321614539155,1.1983496207857738,0.3293566211152549,0.5932718345489982,1.0418485421319899,0.7678522045721423,0.42456692548337616,0.5881090626649074,0.24248123862272378,0.25808833297169514,0.4525292486537803,0.6073690954969145,0.710756503678663,0.30675705860192753,0.38215464126831505,0.5726144281575388,0.5601642178550826,0.8249418700866666,0.6567178094135843,0.9103067623543519,0.3637700099546484,0.35363686487575635,0.7583119270892666,0.541070001884918,0.8060947403274447,0.7322310170522107
2020-05-03,0.7673051396725257,0.6086622243557155,1.4506203062963523,0.8734175690598917,0.5232534349180424,0.6639789799468436,0.6516739997532695,0.16302276259762408,0.5814707280102175,0.8502213794135906,0.8813340118771336,0.26460210458390593,1.075511567217339,0.986875252670454,0.533775950607383,0.3575502370757373,0.7141741624247289,0.3281578845490699,0.4914677591161784,0.33582821916571326,0.38760062496896247,0.5480309007270492,0.6874180120512738,0.5154445366515547,0.6360576292459634,0.8874654019092139,1.5765210624904504,0.39811470276675065,0.5254057218899852,0.661785136502859,0.34141735316321414,0.3163934636690189,0.6125117584229217,0.3769345336219227,0.21643478427783644,0.5238920154495245,0.6335524399587373,0.5950501901068463,0.3809540536225069,0.5275087230068831,0.685897563866448,1.0346631919900775,0.8716170383506643,0.8168255129010016,0.6812470947559289,0.5547380694835342,0.2646054240650315,0.6641563049174515,0.4880018251874098,0.9939119279056718,1.13825986541047
2020-05-06,0.8360304311829466,0.5556319940885123,0.6019958081451701,0.6060178108276696,0.3756386581231181,0.5191551833733178,0.653659329343859,0.22237095335688953,0.7791792937341779,0.848654002068903,1.3218462071551125,0.28180321478852716,0.6584027764184933,0.9391306596188045,0.608572374732838,0.6759079369979482,0.8274933549828419,0.39652257614943404,0.6622962787752903,0.3098154544343895,0.44640016834263213,0.4201823783654155,0.8967898988531748,0.3264950838479909,1.1355519602037105,1.0458247826411553,1.2737479285409445,0.5440068513402575,0.7065425983581805,0.7771011284042989,0.5000018763768918,0.5730613752545886,0.8146149229444412,0.3275486221035272,0.2550289061564786,0.4062319836883313,0.7991287317523347,0.6280041946671365,0.43025280003490085,0.4095795715516417,0.6250915925523811,0.6744451248740463,1.101096231570019,0.5772098863499271,0.8846422293949682,0.37870671198494665,0.26747222258787223,1.0267308177034515,0.4787433009948856,0.6220467477433989,1.043526440232035
2020-05-14,1.1012385546883923,0.6442639490150373,0.6877240986368208,0.6991071419933621,0.4242949808696222,0.5558488406219265,0.5059769655632489,0.0947301119123876,0.7367369740744162,0.5758945566131104,1.1395420603763107,0.462686745549953,0.7369937725467118,1.017488680246233,0.4547644820531961,0.6807696108214044,0.8293567516497291,0.40514431850824256,0.7608008533214927,0.24545247547547683,0.4577123734608907,0.4042821411554044,0.8113762110631905,0.40262565510334564,0.7405642070843736,1.5153642391150217,0.8786951377404344,0.7367825524349696,0.7806418649432104,1.0454255873239233,0.42617023018175193,0.5812457347669525,0.6131304087244641,0.30965937371452834,0.2678532192894122,0.4341291271865405,0.8509780383912228,0.7349553222338079,0.43754735043440135,0.4935263370810203,0.7781251280974297,0.7508996276833206,0.7249665129116137,0.6732473608736118,0.9113490662363992,0.4221732214794721,0.3606206859475944,0.8770878713821852,0.5753195647044704,0.7194658891505963,0.8231754629740778
2020-05-15,0.9152607908335955,0.7474585070957845,0.8901552722104062,0.7462962342292754,0.41482590556248594,0.5696837056919183,0.74559916322048,0.161382999933217,0.47088764635117036,0.6661218113175534,0.8142852099501261,0.34311526122959235,0.7583782608484712,1.4349826696264698,0.4255457506658513,0.9337187021441032,0.8578755991249045,0.580037000651742,1.043443722885212,0.24016825720615337,0.5930677695747807,0.5544456218487218,0.7723624242108857,0.489288333398695,0.869821118200053,0.9631099858244091,1.1337151183245733,0.6294815371226389,0.7305784849088662,0.8183521419651723,0.5687563479735724,0.4377425424439194,0.7523336851187514,0.3715108617658029,0.2545963605161919,0.665299281008531,0.8799259701488968,0.6065833698753555,0.45032019285673314,0.7796066719915428,1.3880554523889237,0.7808139534075564,1.014656732023323,0.9545288507674408,1.1977864849979711,0.40955035157139824,0.4155414630236009,0.7090309643895205,0.6844883014660191,0.7649199141036719,0.8499083127486193
2020-05-17,0.6977850211649335,1.1549744663490016,0.9757768332685964,0.9870247058511334,0.5571866019604219,0.681132060012879,0.6579127362978148,0.16080891803461167,0.5182578697066736,0.6702145176108647,0.7258867058818101,0.3488635393419259,0.810306363467489,1.3033407762944853,0.6853802933995525,0.6079919430751183,0.859231378961005,0.41800470353884134,0.661565069049113,0.28836791581699267,0.461609079787905,0.4527647537557854,0.6843666647425903,0.5427343636276454,0.9487279724946067,0.8241623701207299,1.0495620170811495,0.6536100574611997,0.6870481748184839,0.6900288410330254,0.8047585051958515,0.41475939634828846,1.0482682290611858,0.2926382460227497,0.23426222134748395,0.496889148551459,0.9246053254414199,0.6195446079863494,0.4456637179092139,0.6326191546084085,1.0661653510444065,0.8181903788874652,0.7472505530235398,0.900034880546265,1.1779222656398713,0.416517272071505,0.30569339041040106,0.8078816799167275,0.9302914518345382,0.9948382524544248,1.1732214534575625
2020-05-19,0.7185101002394527,0.7985022252899724,0.8512211907750842,0.7052537045120234,0.47865087550248114,0.5393405362205805,0.5181758164617056,0.18443865687260697,0.7396621548335106,1.0586031513618883,0.7997911897929264,0.35604981787437656,0.76722652055568,0.8479454516975924,0.5522319496356659,0.6818857268065335,0.7941952479368616,0.5981639292562806,0.5880884392361693,0.2934769424591718,0.46561350188736966,0.5115226267965787,0.7108214374017638,0.4669651240020983,0.825024020498228,0.9167771545913627,0.9973493314694933,0.6945810180553119,0.7779989733319915,0.7155279705219111,0.8681426759237834,0.433779970000855,0.8554452234095754,0.2875112757670816,0.23645552599758762,0.6169156814002479,0.8066734956828367,0.8617419407260707,0.44109066227743854,0.5232705480154668,0.8668033025215308,0.9953954452986411,1.2110267345875412,0.6306962457726427,0.5571957123932717,0.6061802088773851,0.40371878837273123,0.8129092688441779,0.8882434087018798,0.6916732537866427,0.915277136938028
2020-05-27,1.2821304257683799,0.7471298913218516,0.9037379692689255,0.7306426596014826,0.42283817800915474,0.5973852848966162,0.5786836408218521,0.1389839079238411,0.5667237236476194,0.6713920233130979,0.8700615490163925,0.5138463645915146,0.8733437603455417,0.9686008704794912,0.5457326529160731,0.8608364049519558,0.8970681007910887,0.4512885921801534,0.8549030726176988,0.297665012128714,0.515566402274512,0.546033162386901,0.7318329021696651,0.5255404275323476,0.8629335354827302,1.0339244805464691,1.3570548847475161,0.8376090094805032,0.8171870788594624,0.808840090450107,0.5581862493844827,0.46301641745485683,0.6328983031408071,0.3238328417730796,0.2663257134355752,0.6737223499665101,0.8996041831689283,0.6348256186608817,0.4911919850880948,0.6098427160497897,0.7979052961804964,0.8169669241959621,0.9079802752011166,0.6425616835216097,0.9745811878194438,0.4632148279373531,0.3862586583994799,0.8999986280728338,0.7082625963512893,0.9419845929807984,0.9739664333374909
